insert into Post (id, community_id, title, post_type, author_id, created_on) values ('f87a542d-e666-43c4-8552-09fd88e3d756', 1, 'concept', 1, 1, '2024-02-23 02:36:10');
insert into Post (id, community_id, title, post_type, author_id, created_on) values ('5680247f-abd2-4f8d-bc0a-3b7c6e960b06', 1, 'Managed', 1, 1, '2023-11-01 01:03:24');
insert into Post (id, community_id, title, post_type, author_id, created_on) values ('083bab20-5e9b-4734-9c3e-7b6b54a302a1', 1, 'adapter', 1, 1, '2023-11-06 03:23:01');
insert into Post (id, community_id, title, post_type, author_id, created_on) values ('e702e935-98ff-473e-a04e-4ad5bb7176a9', 1, 'implementation', 1, 1, '2024-01-26 01:54:11');
insert into Post (id, community_id, title, post_type, author_id, created_on) values ('a23dc260-8752-4715-b7d0-149afcd16242', 1, 'Realigned', 1, 1, '2023-05-26 06:51:10');
insert into Post (id, community_id, title, post_type, author_id, created_on) values ('04910c74-5152-41c1-86cb-cf72cc02084a', 1, 'functionalities', 1, 1, '2023-10-07 23:27:39');
insert into Post (id, community_id, title, post_type, author_id, created_on) values ('a5487f4a-4166-4133-a455-7d9d7b85ef9c', 1, 'Streamlined', 1, 1, '2023-10-20 22:28:23');
insert into Post (id, community_id, title, post_type, author_id, created_on) values ('75769e60-5e5a-4f9b-b1c6-89e1081da57d', 1, 'radical', 1, 1, '2024-03-20 01:20:08');
insert into Post (id, community_id, title, post_type, author_id, created_on) values ('e8b6ee54-efd2-46d9-995d-7dbb426bdfb3', 1, 'static', 1, 1, '2024-03-09 13:39:12');
insert into Post (id, community_id, title, post_type, author_id, created_on) values ('53ec305f-a732-468b-acf5-c80e63b3b4b7', 1, '4th generation', 1, 1, '2023-10-28 06:06:54');
insert into Post (id, community_id, title, post_type, author_id, created_on) values ('e80dd967-2b6b-443f-b622-3714bec182d9', 1, 'uniform', 1, 1, '2024-04-18 19:42:53');
insert into Post (id, community_id, title, post_type, author_id, created_on) values ('fad7f7c8-dc48-4bbf-a4ea-779517233f37', 1, 'client-driven', 1, 1, '2024-01-12 15:34:30');
insert into Post (id, community_id, title, post_type, author_id, created_on) values ('e66600b1-5a08-4d52-9989-f1ed4c9afab4', 1, 'Reverse-engineered', 1, 1, '2023-07-25 05:51:54');
insert into Post (id, community_id, title, post_type, author_id, created_on) values ('82acd693-eb2b-4e46-bb95-c571f3452d03', 1, 'Quality-focused', 1, 1, '2023-05-14 07:20:53');
insert into Post (id, community_id, title, post_type, author_id, created_on) values ('72633344-7ca6-44a5-8fac-6a8f3bf88cb7', 1, 'process improvement', 1, 1, '2024-04-11 07:09:51');
insert into Post (id, community_id, title, post_type, author_id, created_on) values ('832ddaf5-c0ff-4da2-8e07-90266d50e142', 1, 'Realigned', 1, 1, '2023-05-08 23:09:56');
insert into Post (id, community_id, title, post_type, author_id, created_on) values ('04e4d07d-a1c2-47bf-948a-b33e67678773', 1, 'focus group', 1, 1, '2023-08-13 22:05:54');
insert into Post (id, community_id, title, post_type, author_id, created_on) values ('bf1b0495-0f92-47c8-86cf-e8664c41479e', 1, 'data-warehouse', 1, 1, '2023-10-07 08:05:24');
insert into Post (id, community_id, title, post_type, author_id, created_on) values ('f3338675-de65-4561-bbcb-fbb1df8def7d', 1, 'systemic', 1, 1, '2023-07-31 20:26:02');
insert into Post (id, community_id, title, post_type, author_id, created_on) values ('e2b6ae6b-e688-4b3b-8548-7c355eb2f366', 1, 'Pre-emptive', 1, 1, '2023-08-08 14:22:54');

INSERT INTO Post_Text (id, content) values ('f87a542d-e666-43c4-8552-09fd88e3d756', 'accumsan tellus nisi eu orci mauris lacinia sapien quis libero nullam sit amet turpis');
INSERT INTO Post_Text (id, content) values ('5680247f-abd2-4f8d-bc0a-3b7c6e960b06', 'pede morbi porttitor lorem id ligula suspendisse ornare consequat lectus in est risus auctor sed tristique in tempus sit');
INSERT INTO Post_Text (id, content) values ('083bab20-5e9b-4734-9c3e-7b6b54a302a1', 'ligula pellentesque ultrices phasellus id sapien in sapien iaculis congue vivamus metus arcu adipiscing molestie hendrerit at vulputate vitae');
INSERT INTO Post_Text (id, content) values ('e702e935-98ff-473e-a04e-4ad5bb7176a9', 'neque sapien placerat ante nulla justo aliquam quis turpis eget elit sodales scelerisque mauris sit amet eros');
INSERT INTO Post_Text (id, content) values ('a23dc260-8752-4715-b7d0-149afcd16242', 'ac consequat metus sapien ut nunc vestibulum ante ipsum primis in faucibus orci luctus et ultrices posuere cubilia curae mauris viverra diam vitae quam suspendisse potenti nullam porttitor');
INSERT INTO Post_Text (id, content) values ('04910c74-5152-41c1-86cb-cf72cc02084a', 'in hac habitasse platea dictumst maecenas ut massa quis augue luctus tincidunt nulla mollis molestie lorem quisque');
INSERT INTO Post_Text (id, content) values ('a5487f4a-4166-4133-a455-7d9d7b85ef9c', 'vel dapibus at diam nam');
INSERT INTO Post_Text (id, content) values ('75769e60-5e5a-4f9b-b1c6-89e1081da57d', 'ac tellus semper interdum mauris ullamcorper purus sit amet nulla quisque arcu libero rutrum ac');
INSERT INTO Post_Text (id, content) values ('e8b6ee54-efd2-46d9-995d-7dbb426bdfb3', 'felis ut at dolor quis odio consequat varius integer ac leo pellentesque ultrices mattis odio donec vitae nisi nam ultrices libero non mattis');
INSERT INTO Post_Text (id, content) values ('53ec305f-a732-468b-acf5-c80e63b3b4b7', 'elit sodales scelerisque mauris sit amet eros suspendisse accumsan tortor quis turpis sed ante vivamus tortor duis');
INSERT INTO Post_Text (id, content) values ('e80dd967-2b6b-443f-b622-3714bec182d9', 'mus etiam vel augue vestibulum rutrum rutrum neque aenean auctor gravida sem praesent id massa id nisl venenatis lacinia aenean sit amet justo');
INSERT INTO Post_Text (id, content) values ('fad7f7c8-dc48-4bbf-a4ea-779517233f37', 'sodales sed tincidunt eu felis fusce posuere felis sed lacus morbi sem mauris laoreet ut rhoncus aliquet');
INSERT INTO Post_Text (id, content) values ('e66600b1-5a08-4d52-9989-f1ed4c9afab4', 'maecenas rhoncus aliquam lacus morbi quis tortor id nulla ultrices aliquet maecenas');
INSERT INTO Post_Text (id, content) values ('82acd693-eb2b-4e46-bb95-c571f3452d03', 'est lacinia nisi venenatis tristique fusce congue diam id ornare imperdiet');
INSERT INTO Post_Text (id, content) values ('72633344-7ca6-44a5-8fac-6a8f3bf88cb7', 'quis turpis eget elit sodales scelerisque mauris sit amet eros suspendisse accumsan tortor quis turpis sed ante');
INSERT INTO Post_Text (id, content) values ('832ddaf5-c0ff-4da2-8e07-90266d50e142', 'integer ac leo pellentesque ultrices mattis odio donec vitae nisi nam ultrices libero non mattis pulvinar nulla pede');
INSERT INTO Post_Text (id, content) values ('04e4d07d-a1c2-47bf-948a-b33e67678773', 'sit amet consectetuer adipiscing elit proin risus praesent lectus vestibulum quam sapien varius ut blandit non interdum');
INSERT INTO Post_Text (id, content) values ('bf1b0495-0f92-47c8-86cf-e8664c41479e', 'vivamus tortor duis mattis egestas metus aenean fermentum donec ut');
INSERT INTO Post_Text (id, content) values ('f3338675-de65-4561-bbcb-fbb1df8def7d', 'dui vel nisl duis ac nibh fusce lacus purus aliquet at feugiat non pretium quis lectus suspendisse potenti in eleifend quam a odio in hac habitasse platea');
INSERT INTO Post_Text (id, content) values ('e2b6ae6b-e688-4b3b-8548-7c355eb2f366', 'ultrices aliquet maecenas leo odio condimentum id luctus nec molestie sed justo pellentesque viverra pede ac diam cras pellentesque volutpat dui maecenas tristique est et tempus');

insert into Post (id, community_id, title, post_type, author_id, created_on) values ('2dfc0f77-4351-4914-a5fc-f297b8cb7105', 1, 'initiative', 2, 1, '2023-11-28 02:08:02');
insert into Post (id, community_id, title, post_type, author_id, created_on) values ('0e231fe2-f28b-46ac-81c8-600e0ebd5386', 1, 'stable', 2, 1, '2023-06-06 12:47:30');
insert into Post (id, community_id, title, post_type, author_id, created_on) values ('c8546c8a-cc96-4443-968b-50c413155382', 1, 'multimedia', 2, 1, '2023-10-17 18:27:21');
insert into Post (id, community_id, title, post_type, author_id, created_on) values ('4323a3ea-ea36-48ff-a1b6-929d1162d118', 1, 'Grass-roots', 2, 1, '2024-04-04 12:32:48');
insert into Post (id, community_id, title, post_type, author_id, created_on) values ('8ae6fab0-5f66-46db-b525-0ebb717a0328', 1, 'Persistent', 2, 1, '2024-02-04 18:02:05');
insert into Post (id, community_id, title, post_type, author_id, created_on) values ('e5b4dea9-f121-40a1-b556-3cbb50277f01', 1, 'Universal', 2, 1, '2023-11-12 22:37:35');
insert into Post (id, community_id, title, post_type, author_id, created_on) values ('2d65b052-2f34-41a6-a5b2-e27415c14ed7', 1, 'reciprocal', 2, 1, '2024-01-16 00:59:10');
insert into Post (id, community_id, title, post_type, author_id, created_on) values ('5d3805f8-7788-4fb5-aee9-2c2f9dd7c791', 1, 'bifurcated', 2, 1, '2023-07-09 22:34:03');
insert into Post (id, community_id, title, post_type, author_id, created_on) values ('a69c922d-61b3-4be6-b45d-84f3105e10ae', 1, 'Configurable', 2, 1, '2023-07-15 14:16:22');
insert into Post (id, community_id, title, post_type, author_id, created_on) values ('c52c6084-5a62-4646-ba39-2d6fd7564b56', 1, 'Re-engineered', 2, 1, '2023-08-15 01:09:19');
insert into Post (id, community_id, title, post_type, author_id, created_on) values ('58a82c5f-6a17-48e3-b629-df251854c23f', 1, 'infrastructure', 2, 1, '2023-07-25 05:08:57');
insert into Post (id, community_id, title, post_type, author_id, created_on) values ('17268b4d-8d49-45e9-96d9-ccca7f44992b', 1, 'customer loyalty', 2, 1, '2023-09-05 14:56:57');
insert into Post (id, community_id, title, post_type, author_id, created_on) values ('b33c957b-4b12-4f79-a532-ee3eb33f9151', 1, 'Devolved', 2, 1, '2024-02-09 06:11:45');
insert into Post (id, community_id, title, post_type, author_id, created_on) values ('aef3952f-c619-4b36-b3fc-a0b576006b03', 1, 'Focused', 2, 1, '2023-07-04 05:53:32');
insert into Post (id, community_id, title, post_type, author_id, created_on) values ('9bcd13bb-ce2e-4c65-95ae-0cae95740ea4', 1, 'service-desk', 2, 1, '2024-01-16 20:49:28');
insert into Post (id, community_id, title, post_type, author_id, created_on) values ('07eb40f3-4e20-42e2-a72d-24ca422d8b2b', 1, 'system-worthy', 2, 1, '2023-08-10 06:00:37');
insert into Post (id, community_id, title, post_type, author_id, created_on) values ('99c00376-03a8-4632-8155-0f71b0ea8f5a', 1, 'utilisation', 2, 1, '2023-12-08 09:25:10');
insert into Post (id, community_id, title, post_type, author_id, created_on) values ('f0362b39-9a63-4bac-a9ed-dc3a5f8b548a', 1, 'uniform', 2, 1, '2023-06-15 05:06:06');
insert into Post (id, community_id, title, post_type, author_id, created_on) values ('90e1a6ed-8a9b-461b-a25b-06c9027c09a0', 1, 'client-server', 2, 1, '2023-11-25 03:36:32');
insert into Post (id, community_id, title, post_type, author_id, created_on) values ('f66c0c4e-e165-4cf8-92fc-3e9b52194aee', 1, 'attitude', 2, 1, '2023-12-20 11:15:05');

insert into Post_Link (id, url) values ('2dfc0f77-4351-4914-a5fc-f297b8cb7105', 'http://unblog.fr/maecenas/tincidunt/lacus/at.png?lectus=donec&in=dapibus&quam=duis&fringilla=at&rhoncus=velit&mauris=eu&enim=est&leo=congue&rhoncus=elementum&sed=in&vestibulum=hac&sit=habitasse&amet=platea&cursus=dictumst&id=morbi');
insert into Post_Link (id, url) values ('0e231fe2-f28b-46ac-81c8-600e0ebd5386', 'https://mail.ru/nibh/fusce/lacus/purus/aliquet/at/feugiat.jsp?elementum=in&pellentesque=tempor&quisque=turpis&porta=nec&volutpat=euismod&erat=scelerisque&quisque=quam&erat=turpis&eros=adipiscing&viverra=lorem&eget=vitae&congue=mattis&eget=nibh&semper=ligula&rutrum=nec&nulla=sem&nunc=duis&purus=aliquam&phasellus=convallis&in=nunc&felis=proin&donec=at&semper=turpis&sapien=a&a=pede&libero=posuere&nam=nonummy&dui=integer&proin=non&leo=velit&odio=donec&porttitor=diam&id=neque&consequat=vestibulum&in=eget&consequat=vulputate&ut=ut&nulla=ultrices&sed=vel&accumsan=augue&felis=vestibulum&ut=ante&at=ipsum&dolor=primis&quis=in&odio=faucibus&consequat=orci&varius=luctus&integer=et&ac=ultrices&leo=posuere&pellentesque=cubilia&ultrices=curae&mattis=donec&odio=pharetra&donec=magna&vitae=vestibulum&nisi=aliquet&nam=ultrices&ultrices=erat&libero=tortor&non=sollicitudin&mattis=mi&pulvinar=sit&nulla=amet&pede=lobortis&ullamcorper=sapien&augue=sapien&a=non&suscipit=mi&nulla=integer&elit=ac&ac=neque&nulla=duis&sed=bibendum&vel=morbi&enim=non&sit=quam&amet=nec&nunc=dui&viverra=luctus&dapibus=rutrum&nulla=nulla&suscipit=tellus&ligula=in&in=sagittis&lacus=dui&curabitur=vel&at=nisl');
insert into Post_Link (id, url) values ('c8546c8a-cc96-4443-968b-50c413155382', 'https://alexa.com/rhoncus/dui/vel/sem/sed/sagittis.jsp?congue=habitasse&etiam=platea&justo=dictumst&etiam=maecenas&pretium=ut&iaculis=massa&justo=quis&in=augue&hac=luctus&habitasse=tincidunt&platea=nulla&dictumst=mollis&etiam=molestie&faucibus=lorem&cursus=quisque&urna=ut&ut=erat&tellus=curabitur&nulla=gravida&ut=nisi&erat=at&id=nibh&mauris=in&vulputate=hac&elementum=habitasse&nullam=platea&varius=dictumst&nulla=aliquam&facilisi=augue&cras=quam&non=sollicitudin&velit=vitae&nec=consectetuer&nisi=eget&vulputate=rutrum&nonummy=at&maecenas=lorem&tincidunt=integer&lacus=tincidunt&at=ante&velit=vel&vivamus=ipsum&vel=praesent&nulla=blandit&eget=lacinia&eros=erat&elementum=vestibulum&pellentesque=sed&quisque=magna&porta=at&volutpat=nunc&erat=commodo&quisque=placerat&erat=praesent&eros=blandit&viverra=nam&eget=nulla&congue=integer&eget=pede&semper=justo&rutrum=lacinia&nulla=eget&nunc=tincidunt');
insert into Post_Link (id, url) values ('4323a3ea-ea36-48ff-a1b6-929d1162d118', 'https://zdnet.com/ante/vivamus/tortor/duis.xml?venenatis=in&lacinia=eleifend&aenean=quam&sit=a&amet=odio&justo=in&morbi=hac&ut=habitasse&odio=platea&cras=dictumst&mi=maecenas&pede=ut&malesuada=massa&in=quis&imperdiet=augue&et=luctus&commodo=tincidunt&vulputate=nulla&justo=mollis&in=molestie&blandit=lorem&ultrices=quisque&enim=ut&lorem=erat&ipsum=curabitur&dolor=gravida&sit=nisi&amet=at&consectetuer=nibh&adipiscing=in&elit=hac&proin=habitasse&interdum=platea&mauris=dictumst&non=aliquam&ligula=augue&pellentesque=quam&ultrices=sollicitudin&phasellus=vitae&id=consectetuer&sapien=eget&in=rutrum&sapien=at&iaculis=lorem&congue=integer&vivamus=tincidunt&metus=ante&arcu=vel&adipiscing=ipsum&molestie=praesent');
insert into Post_Link (id, url) values ('8ae6fab0-5f66-46db-b525-0ebb717a0328', 'https://blog.com/sapien.jpg?pede=eu&justo=felis&eu=fusce&massa=posuere&donec=felis&dapibus=sed&duis=lacus&at=morbi&velit=sem&eu=mauris&est=laoreet&congue=ut&elementum=rhoncus&in=aliquet&hac=pulvinar&habitasse=sed&platea=nisl&dictumst=nunc&morbi=rhoncus&vestibulum=dui&velit=vel&id=sem&pretium=sed&iaculis=sagittis&diam=nam&erat=congue&fermentum=risus&justo=semper&nec=porta&condimentum=volutpat&neque=quam&sapien=pede&placerat=lobortis&ante=ligula&nulla=sit&justo=amet&aliquam=eleifend&quis=pede&turpis=libero');
insert into Post_Link (id, url) values ('e5b4dea9-f121-40a1-b556-3cbb50277f01', 'https://abc.net.au/id/ornare/imperdiet/sapien/urna/pretium.html?sed=augue&tristique=quam&in=sollicitudin&tempus=vitae&sit=consectetuer&amet=eget&sem=rutrum');
insert into Post_Link (id, url) values ('2d65b052-2f34-41a6-a5b2-e27415c14ed7', 'https://is.gd/at/vulputate/vitae.jpg?etiam=ut&vel=odio&augue=cras&vestibulum=mi&rutrum=pede&rutrum=malesuada&neque=in&aenean=imperdiet&auctor=et&gravida=commodo&sem=vulputate&praesent=justo&id=in&massa=blandit&id=ultrices&nisl=enim&venenatis=lorem&lacinia=ipsum&aenean=dolor&sit=sit&amet=amet&justo=consectetuer&morbi=adipiscing&ut=elit&odio=proin&cras=interdum&mi=mauris&pede=non&malesuada=ligula&in=pellentesque&imperdiet=ultrices&et=phasellus&commodo=id&vulputate=sapien&justo=in&in=sapien&blandit=iaculis&ultrices=congue&enim=vivamus&lorem=metus&ipsum=arcu&dolor=adipiscing&sit=molestie&amet=hendrerit&consectetuer=at&adipiscing=vulputate&elit=vitae&proin=nisl&interdum=aenean&mauris=lectus&non=pellentesque&ligula=eget&pellentesque=nunc&ultrices=donec&phasellus=quis&id=orci&sapien=eget&in=orci');
insert into Post_Link (id, url) values ('5d3805f8-7788-4fb5-aee9-2c2f9dd7c791', 'https://indiegogo.com/volutpat/dui/maecenas.jpg?varius=tempus&integer=semper&ac=est');
insert into Post_Link (id, url) values ('a69c922d-61b3-4be6-b45d-84f3105e10ae', 'http://alibaba.com/nibh/in/lectus.jsp?rutrum=posuere&at=cubilia&lorem=curae&integer=mauris&tincidunt=viverra&ante=diam&vel=vitae&ipsum=quam&praesent=suspendisse&blandit=potenti&lacinia=nullam&erat=porttitor&vestibulum=lacus&sed=at&magna=turpis&at=donec&nunc=posuere&commodo=metus&placerat=vitae&praesent=ipsum&blandit=aliquam&nam=non&nulla=mauris&integer=morbi&pede=non&justo=lectus&lacinia=aliquam&eget=sit&tincidunt=amet&eget=diam&tempus=in&vel=magna');
insert into Post_Link (id, url) values ('c52c6084-5a62-4646-ba39-2d6fd7564b56', 'http://soundcloud.com/in/sapien/iaculis/congue.js?donec=libero&odio=nam&justo=dui&sollicitudin=proin&ut=leo&suscipit=odio&a=porttitor&feugiat=id&et=consequat&eros=in&vestibulum=consequat&ac=ut&est=nulla&lacinia=sed&nisi=accumsan&venenatis=felis&tristique=ut&fusce=at&congue=dolor&diam=quis&id=odio&ornare=consequat&imperdiet=varius&sapien=integer&urna=ac&pretium=leo&nisl=pellentesque&ut=ultrices&volutpat=mattis&sapien=odio&arcu=donec&sed=vitae&augue=nisi&aliquam=nam&erat=ultrices&volutpat=libero&in=non&congue=mattis&etiam=pulvinar&justo=nulla&etiam=pede&pretium=ullamcorper&iaculis=augue&justo=a&in=suscipit');
insert into Post_Link (id, url) values ('58a82c5f-6a17-48e3-b629-df251854c23f', 'https://1und1.de/vel/accumsan/tellus/nisi/eu/orci.xml?habitasse=ultrices&platea=posuere&dictumst=cubilia&morbi=curae&vestibulum=donec&velit=pharetra&id=magna&pretium=vestibulum&iaculis=aliquet&diam=ultrices&erat=erat&fermentum=tortor&justo=sollicitudin&nec=mi&condimentum=sit&neque=amet&sapien=lobortis&placerat=sapien&ante=sapien&nulla=non&justo=mi&aliquam=integer&quis=ac&turpis=neque&eget=duis&elit=bibendum&sodales=morbi&scelerisque=non&mauris=quam&sit=nec&amet=dui&eros=luctus&suspendisse=rutrum&accumsan=nulla&tortor=tellus&quis=in&turpis=sagittis&sed=dui&ante=vel&vivamus=nisl&tortor=duis&duis=ac&mattis=nibh&egestas=fusce&metus=lacus&aenean=purus&fermentum=aliquet&donec=at&ut=feugiat&mauris=non&eget=pretium&massa=quis');
insert into Post_Link (id, url) values ('17268b4d-8d49-45e9-96d9-ccca7f44992b', 'http://hc360.com/sem/duis/aliquam/convallis/nunc.png?vivamus=pede&metus=ac&arcu=diam&adipiscing=cras&molestie=pellentesque&hendrerit=volutpat&at=dui&vulputate=maecenas&vitae=tristique&nisl=est&aenean=et&lectus=tempus&pellentesque=semper&eget=est&nunc=quam&donec=pharetra&quis=magna&orci=ac&eget=consequat&orci=metus&vehicula=sapien&condimentum=ut&curabitur=nunc&in=vestibulum&libero=ante&ut=ipsum&massa=primis&volutpat=in&convallis=faucibus&morbi=orci&odio=luctus&odio=et&elementum=ultrices&eu=posuere&interdum=cubilia&eu=curae&tincidunt=mauris&in=viverra&leo=diam&maecenas=vitae&pulvinar=quam&lobortis=suspendisse&est=potenti&phasellus=nullam&sit=porttitor&amet=lacus&erat=at&nulla=turpis&tempus=donec&vivamus=posuere&in=metus&felis=vitae&eu=ipsum&sapien=aliquam&cursus=non&vestibulum=mauris&proin=morbi&eu=non&mi=lectus&nulla=aliquam&ac=sit&enim=amet&in=diam&tempor=in&turpis=magna&nec=bibendum&euismod=imperdiet&scelerisque=nullam&quam=orci&turpis=pede&adipiscing=venenatis&lorem=non&vitae=sodales&mattis=sed&nibh=tincidunt&ligula=eu&nec=felis&sem=fusce&duis=posuere&aliquam=felis&convallis=sed&nunc=lacus&proin=morbi&at=sem&turpis=mauris');
insert into Post_Link (id, url) values ('b33c957b-4b12-4f79-a532-ee3eb33f9151', 'https://desdev.cn/hendrerit/at/vulputate/vitae/nisl/aenean.xml?vivamus=posuere&vestibulum=cubilia&sagittis=curae&sapien=donec&cum=pharetra&sociis=magna&natoque=vestibulum&penatibus=aliquet&et=ultrices&magnis=erat&dis=tortor&parturient=sollicitudin&montes=mi&nascetur=sit&ridiculus=amet&mus=lobortis&etiam=sapien&vel=sapien&augue=non&vestibulum=mi&rutrum=integer&rutrum=ac&neque=neque&aenean=duis&auctor=bibendum&gravida=morbi&sem=non&praesent=quam&id=nec&massa=dui&id=luctus&nisl=rutrum&venenatis=nulla&lacinia=tellus&aenean=in&sit=sagittis&amet=dui&justo=vel&morbi=nisl&ut=duis&odio=ac&cras=nibh&mi=fusce&pede=lacus&malesuada=purus&in=aliquet&imperdiet=at&et=feugiat&commodo=non&vulputate=pretium&justo=quis&in=lectus&blandit=suspendisse&ultrices=potenti&enim=in&lorem=eleifend&ipsum=quam&dolor=a&sit=odio&amet=in&consectetuer=hac&adipiscing=habitasse&elit=platea&proin=dictumst&interdum=maecenas&mauris=ut');
insert into Post_Link (id, url) values ('aef3952f-c619-4b36-b3fc-a0b576006b03', 'https://amazon.co.jp/facilisi/cras/non/velit/nec/nisi/vulputate.xml?quam=bibendum&suspendisse=morbi&potenti=non&nullam=quam&porttitor=nec&lacus=dui&at=luctus&turpis=rutrum&donec=nulla&posuere=tellus&metus=in&vitae=sagittis&ipsum=dui&aliquam=vel&non=nisl&mauris=duis&morbi=ac&non=nibh&lectus=fusce&aliquam=lacus&sit=purus&amet=aliquet&diam=at&in=feugiat&magna=non&bibendum=pretium&imperdiet=quis&nullam=lectus&orci=suspendisse&pede=potenti&venenatis=in&non=eleifend&sodales=quam&sed=a&tincidunt=odio&eu=in&felis=hac&fusce=habitasse&posuere=platea&felis=dictumst&sed=maecenas&lacus=ut&morbi=massa&sem=quis&mauris=augue&laoreet=luctus&ut=tincidunt&rhoncus=nulla&aliquet=mollis&pulvinar=molestie&sed=lorem&nisl=quisque&nunc=ut&rhoncus=erat&dui=curabitur&vel=gravida&sem=nisi&sed=at&sagittis=nibh&nam=in&congue=hac&risus=habitasse&semper=platea&porta=dictumst&volutpat=aliquam&quam=augue&pede=quam&lobortis=sollicitudin&ligula=vitae&sit=consectetuer&amet=eget&eleifend=rutrum&pede=at&libero=lorem&quis=integer&orci=tincidunt&nullam=ante&molestie=vel&nibh=ipsum&in=praesent&lectus=blandit&pellentesque=lacinia&at=erat&nulla=vestibulum');
insert into Post_Link (id, url) values ('9bcd13bb-ce2e-4c65-95ae-0cae95740ea4', 'https://salon.com/blandit.xml?praesent=nisi&id=venenatis&massa=tristique&id=fusce&nisl=congue&venenatis=diam&lacinia=id&aenean=ornare&sit=imperdiet&amet=sapien&justo=urna&morbi=pretium');
insert into Post_Link (id, url) values ('07eb40f3-4e20-42e2-a72d-24ca422d8b2b', 'http://wisc.edu/a/odio/in/hac/habitasse.jpg?posuere=donec&metus=quis');
insert into Post_Link (id, url) values ('99c00376-03a8-4632-8155-0f71b0ea8f5a', 'http://cdbaby.com/bibendum/felis/sed.json?in=in&ante=quam&vestibulum=fringilla&ante=rhoncus&ipsum=mauris&primis=enim&in=leo&faucibus=rhoncus&orci=sed&luctus=vestibulum&et=sit&ultrices=amet&posuere=cursus&cubilia=id&curae=turpis&duis=integer&faucibus=aliquet&accumsan=massa&odio=id&curabitur=lobortis&convallis=convallis&duis=tortor&consequat=risus&dui=dapibus&nec=augue&nisi=vel&volutpat=accumsan&eleifend=tellus&donec=nisi&ut=eu&dolor=orci&morbi=mauris&vel=lacinia&lectus=sapien&in=quis&quam=libero&fringilla=nullam');
insert into Post_Link (id, url) values ('f0362b39-9a63-4bac-a9ed-dc3a5f8b548a', 'http://europa.eu/dictumst/maecenas/ut/massa/quis.xml?consequat=odio&dui=condimentum&nec=id&nisi=luctus&volutpat=nec&eleifend=molestie&donec=sed&ut=justo&dolor=pellentesque&morbi=viverra&vel=pede&lectus=ac&in=diam&quam=cras&fringilla=pellentesque&rhoncus=volutpat&mauris=dui&enim=maecenas&leo=tristique&rhoncus=est&sed=et&vestibulum=tempus&sit=semper&amet=est&cursus=quam&id=pharetra&turpis=magna&integer=ac&aliquet=consequat&massa=metus&id=sapien&lobortis=ut&convallis=nunc&tortor=vestibulum&risus=ante&dapibus=ipsum&augue=primis&vel=in&accumsan=faucibus&tellus=orci&nisi=luctus&eu=et&orci=ultrices&mauris=posuere&lacinia=cubilia&sapien=curae&quis=mauris&libero=viverra&nullam=diam&sit=vitae&amet=quam&turpis=suspendisse&elementum=potenti&ligula=nullam&vehicula=porttitor&consequat=lacus&morbi=at&a=turpis&ipsum=donec&integer=posuere&a=metus&nibh=vitae&in=ipsum&quis=aliquam&justo=non&maecenas=mauris&rhoncus=morbi&aliquam=non&lacus=lectus&morbi=aliquam&quis=sit&tortor=amet&id=diam&nulla=in&ultrices=magna&aliquet=bibendum&maecenas=imperdiet&leo=nullam&odio=orci&condimentum=pede&id=venenatis&luctus=non&nec=sodales');
insert into Post_Link (id, url) values ('90e1a6ed-8a9b-461b-a25b-06c9027c09a0', 'http://myspace.com/rutrum.jsp?dictumst=id&morbi=consequat&vestibulum=in&velit=consequat&id=ut&pretium=nulla&iaculis=sed&diam=accumsan&erat=felis&fermentum=ut&justo=at&nec=dolor&condimentum=quis&neque=odio&sapien=consequat&placerat=varius&ante=integer&nulla=ac&justo=leo&aliquam=pellentesque&quis=ultrices&turpis=mattis&eget=odio&elit=donec&sodales=vitae&scelerisque=nisi&mauris=nam&sit=ultrices&amet=libero&eros=non&suspendisse=mattis&accumsan=pulvinar&tortor=nulla&quis=pede&turpis=ullamcorper&sed=augue&ante=a&vivamus=suscipit&tortor=nulla&duis=elit&mattis=ac&egestas=nulla&metus=sed&aenean=vel');
insert into Post_Link (id, url) values ('f66c0c4e-e165-4cf8-92fc-3e9b52194aee', 'https://mtv.com/risus/praesent/lectus/vestibulum.html?nibh=quis&ligula=orci&nec=nullam&sem=molestie&duis=nibh&aliquam=in&convallis=lectus&nunc=pellentesque&proin=at&at=nulla&turpis=suspendisse&a=potenti&pede=cras&posuere=in&nonummy=purus&integer=eu&non=magna&velit=vulputate&donec=luctus&diam=cum&neque=sociis&vestibulum=natoque&eget=penatibus&vulputate=et&ut=magnis');