insert into Post (id, community_id, title, post_type, author_id, created_on) values ('20119378-312b-405c-b7db-edfff3bfc2c7', 36, 'neural-net', 1, 120, '2023-06-01 17:27:06');
insert into Post (id, community_id, title, post_type, author_id, created_on) values ('d99b800a-af20-4912-acb5-c37d83f27f47', 36, 'well-modulated', 1, 117, '2023-05-15 21:00:06');
insert into Post (id, community_id, title, post_type, author_id, created_on) values ('981664da-a27b-46cd-a753-52897b2c0c94', 36, 'attitude-oriented', 1, 116, '2023-11-14 13:38:18');
insert into Post (id, community_id, title, post_type, author_id, created_on) values ('c8e93d25-db9e-4df8-b930-7742ffc10c8d', 1, 'firmware', 1, 108, '2023-07-31 03:45:52');
insert into Post (id, community_id, title, post_type, author_id, created_on) values ('c62b10f0-b10f-40eb-a134-17a02a95a2d6', 1, 'tertiary', 1, 113, '2023-07-31 05:25:05');
insert into Post (id, community_id, title, post_type, author_id, created_on) values ('278a9517-95f2-4c64-8b8c-95171198301d', 36, 'artificial intelligence', 1, 101, '2024-03-02 03:33:58');
insert into Post (id, community_id, title, post_type, author_id, created_on) values ('7e9ec8ef-00e2-47aa-a5e8-64fc8e38d0a6', 36, 'data-warehouse', 1, 104, '2023-06-14 22:12:12');
insert into Post (id, community_id, title, post_type, author_id, created_on) values ('d1cc603f-e257-4aea-86a0-c0677ce28c4c', 34, '4th generation', 1, 107, '2023-11-02 01:47:35');
insert into Post (id, community_id, title, post_type, author_id, created_on) values ('ad4a1838-b8a1-4001-8c65-66d515f736ab', 1, 'Virtual', 1, 104, '2023-09-25 15:57:14');
insert into Post (id, community_id, title, post_type, author_id, created_on) values ('cc0e79b2-cc5c-4d16-aa1d-d5ae2f490667', 34, 'toolset', 1, 118, '2024-04-05 09:04:24');
insert into Post (id, community_id, title, post_type, author_id, created_on) values ('4413c478-1f6e-45e1-83ff-3c2f1cbcdc12', 32, 'Face to face', 1, 117, '2023-09-01 05:29:54');
insert into Post (id, community_id, title, post_type, author_id, created_on) values ('bfa78817-f973-4688-a25e-9c165ee2f892', 34, 'Stand-alone', 1, 119, '2023-11-19 05:07:22');
insert into Post (id, community_id, title, post_type, author_id, created_on) values ('c5f96a3f-e5a0-4792-b133-a1285e41cf58', 1, 'Multi-layered', 1, 115, '2023-07-23 10:07:16');
insert into Post (id, community_id, title, post_type, author_id, created_on) values ('68e407e9-fb20-4d2b-9266-7f683643b80b', 34, 'secured line', 1, 104, '2023-09-17 18:59:18');
insert into Post (id, community_id, title, post_type, author_id, created_on) values ('cfc6806b-12a4-43ad-a01b-3436745bbde0', 36, 'paradigm', 1, 110, '2024-01-07 18:04:19');
insert into Post (id, community_id, title, post_type, author_id, created_on) values ('f95af6ce-01c9-4569-abd8-98bfe5edc8e8', 36, 'tertiary', 1, 116, '2023-08-10 04:55:07');
insert into Post (id, community_id, title, post_type, author_id, created_on) values ('049bb32a-8844-41ef-9b70-7632f58ba874', 36, 'instruction set', 1, 106, '2024-01-12 13:13:55');
insert into Post (id, community_id, title, post_type, author_id, created_on) values ('90e5b301-41d6-4376-833d-5ea4e94502f6', 32, 'Vision-oriented', 1, 115, '2023-08-29 06:51:29');
insert into Post (id, community_id, title, post_type, author_id, created_on) values ('64226cff-b87e-4b87-ac6d-1607d0c4b131', 36, 'web-enabled', 1, 111, '2024-02-24 02:25:08');
insert into Post (id, community_id, title, post_type, author_id, created_on) values ('f92a10de-cd93-4e18-8f9c-2e59624cbd62', 1, 'Grass-roots', 1, 102, '2023-05-18 07:06:06');
insert into Post (id, community_id, title, post_type, author_id, created_on) values ('c576292e-f839-412a-9463-98f11fb03c4b', 36, 'array', 1, 102, '2023-11-17 07:01:03');
insert into Post (id, community_id, title, post_type, author_id, created_on) values ('6f1a5631-664c-46e2-8c8b-765bb51afc00', 32, 'Customizable', 1, 118, '2023-12-24 17:19:25');
insert into Post (id, community_id, title, post_type, author_id, created_on) values ('25da109d-63af-4e42-b578-a4466de2ac00', 36, 'Open-source', 1, 107, '2024-04-18 05:22:23');
insert into Post (id, community_id, title, post_type, author_id, created_on) values ('5db1d8e8-817c-497f-9f12-6f7cc80d68c9', 1, 'neural-net', 1, 105, '2024-04-05 13:52:47');
insert into Post (id, community_id, title, post_type, author_id, created_on) values ('c6ec873f-a64f-4720-a628-4200ff13de60', 32, 'explicit', 1, 120, '2024-02-20 16:40:19');
insert into Post (id, community_id, title, post_type, author_id, created_on) values ('419e0200-d0f7-4537-b050-3f6007f6d34d', 36, 'tertiary', 1, 116, '2023-10-22 18:27:25');
insert into Post (id, community_id, title, post_type, author_id, created_on) values ('c7ab0cd6-efab-4497-ad8a-52e471148fa0', 32, 'Function-based', 1, 111, '2023-08-10 20:35:51');
insert into Post (id, community_id, title, post_type, author_id, created_on) values ('81503dd7-f2b9-45e3-99a7-c9c1a7d98fe0', 36, 'Synergized', 1, 107, '2024-03-22 00:46:26');
insert into Post (id, community_id, title, post_type, author_id, created_on) values ('6d7aa6fe-38b7-41f3-925a-e6f09551874b', 1, 'regional', 1, 118, '2023-05-11 08:42:14');
insert into Post (id, community_id, title, post_type, author_id, created_on) values ('5ba3eb0f-4790-4395-864f-353a32f883e5', 1, 'clear-thinking', 1, 106, '2023-11-10 20:32:14');
insert into Post (id, community_id, title, post_type, author_id, created_on) values ('71ab4084-f5c7-4ca9-ad4f-dcf748218230', 1, 'project', 1, 104, '2023-09-14 20:15:13');
insert into Post (id, community_id, title, post_type, author_id, created_on) values ('51833b81-ac1d-4b3a-84c4-9b1de4a84524', 34, 'Function-based', 1, 111, '2023-05-19 05:49:47');
insert into Post (id, community_id, title, post_type, author_id, created_on) values ('a7fb0f7a-8791-4128-ba2a-c33d4a00f67f', 32, 'optimal', 1, 109, '2023-07-08 07:44:24');
insert into Post (id, community_id, title, post_type, author_id, created_on) values ('87b6e93f-a62a-4430-8a7b-02a03c8a8589', 1, 'mobile', 1, 116, '2023-08-05 18:16:29');
insert into Post (id, community_id, title, post_type, author_id, created_on) values ('e6b22e0d-93c7-4bc1-be12-f6fa116df05b', 36, 'system-worthy', 1, 101, '2024-04-29 17:12:11');
insert into Post (id, community_id, title, post_type, author_id, created_on) values ('844380b9-d0c0-420c-816b-5721ee4eeb42', 34, 'Future-proofed', 1, 104, '2023-08-15 00:41:52');
insert into Post (id, community_id, title, post_type, author_id, created_on) values ('6f8c166a-95eb-4c3f-96de-0a8fab07e96f', 1, 'Total', 1, 102, '2024-02-12 18:46:39');
insert into Post (id, community_id, title, post_type, author_id, created_on) values ('f4a8e33e-63bc-4f50-b3cd-d263bf800058', 32, 'motivating', 1, 101, '2024-03-17 07:24:58');
insert into Post (id, community_id, title, post_type, author_id, created_on) values ('b0c97f25-5a02-4ed6-bba3-908b89aff506', 34, 'interface', 1, 119, '2024-01-09 00:51:26');
insert into Post (id, community_id, title, post_type, author_id, created_on) values ('5cea7e0e-00e8-477b-bf8b-ab3eb999e6f9', 36, 'success', 1, 111, '2024-03-21 00:17:11');
insert into Post (id, community_id, title, post_type, author_id, created_on) values ('639da91e-297c-4ccf-ad7f-819ca8f4dbc8', 34, 'Automated', 1, 120, '2024-01-14 10:34:26');
insert into Post (id, community_id, title, post_type, author_id, created_on) values ('d2b88306-19c5-43e0-98e2-50908191bb2e', 34, 'attitude', 1, 118, '2023-07-19 18:05:43');
insert into Post (id, community_id, title, post_type, author_id, created_on) values ('b2f8dd9f-e3ce-4bb1-8e61-a25ffb71f1be', 34, 'systemic', 1, 116, '2023-11-29 20:44:40');
insert into Post (id, community_id, title, post_type, author_id, created_on) values ('2a4e8562-a097-4f31-b62c-8fd3d5b35e0c', 34, 'empowering', 1, 108, '2023-08-20 14:37:33');
insert into Post (id, community_id, title, post_type, author_id, created_on) values ('a66388cf-fac6-432b-b734-8aa2eb6cfb2d', 36, 'fault-tolerant', 1, 104, '2023-09-06 21:23:37');
insert into Post (id, community_id, title, post_type, author_id, created_on) values ('aa0cc3ff-eb78-4cf1-9d4f-a9b4b82af46c', 36, 'optimal', 1, 114, '2024-04-19 11:37:15');
insert into Post (id, community_id, title, post_type, author_id, created_on) values ('d9a8e781-ef13-4dd0-b60c-2ce219be594f', 36, 'moderator', 1, 110, '2023-09-16 12:54:25');
insert into Post (id, community_id, title, post_type, author_id, created_on) values ('ce444e07-82ab-4bbf-8656-2bd7344b8675', 1, 'Customizable', 1, 108, '2023-07-19 18:49:33');
insert into Post (id, community_id, title, post_type, author_id, created_on) values ('45136f92-b3ae-41ab-9d80-550137aff45f', 1, 'hardware', 1, 105, '2024-01-20 18:54:06');
insert into Post (id, community_id, title, post_type, author_id, created_on) values ('5069411d-5aa7-41ae-9ade-455f4c567649', 36, 'Versatile', 1, 118, '2023-05-25 19:04:50');
insert into Post (id, community_id, title, post_type, author_id, created_on) values ('75c3d983-64a0-443a-bc04-59be6dcc7a38', 1, 'tangible', 1, 103, '2023-11-27 16:33:01');
insert into Post (id, community_id, title, post_type, author_id, created_on) values ('418d0e74-bdf2-4804-9f33-4fa6d45e0d29', 32, 'scalable', 1, 120, '2023-05-28 16:08:38');
insert into Post (id, community_id, title, post_type, author_id, created_on) values ('ce4fa6d6-bdb5-480f-ab51-2d9b05fda055', 34, 'composite', 1, 118, '2023-08-22 00:50:29');
insert into Post (id, community_id, title, post_type, author_id, created_on) values ('3680d9b1-4beb-453c-bb45-8a28d4120c3b', 1, 'optimal', 1, 113, '2023-11-15 20:58:57');


insert into Post_Text (id, content) values ('20119378-312b-405c-b7db-edfff3bfc2c7', 'pede venenatis non sodales sed tincidunt eu felis fusce posuere felis sed lacus morbi');
insert into Post_Text (id, content) values ('d99b800a-af20-4912-acb5-c37d83f27f47', 'molestie hendrerit at vulputate vitae nisl aenean lectus pellentesque eget nunc');
insert into Post_Text (id, content) values ('981664da-a27b-46cd-a753-52897b2c0c94', 'nisl duis ac nibh fusce lacus purus aliquet at feugiat non pretium quis lectus suspendisse potenti');
insert into Post_Text (id, content) values ('c8e93d25-db9e-4df8-b930-7742ffc10c8d', 'sed tincidunt eu felis fusce posuere felis sed lacus morbi sem mauris laoreet ut rhoncus aliquet pulvinar sed nisl');
insert into Post_Text (id, content) values ('c62b10f0-b10f-40eb-a134-17a02a95a2d6', 'quis orci eget orci vehicula condimentum curabitur in libero ut massa volutpat convallis morbi odio odio elementum eu interdum eu');
insert into Post_Text (id, content) values ('278a9517-95f2-4c64-8b8c-95171198301d', 'ante ipsum primis in faucibus orci luctus et ultrices posuere cubilia curae donec pharetra magna');
insert into Post_Text (id, content) values ('7e9ec8ef-00e2-47aa-a5e8-64fc8e38d0a6', 'vitae nisi nam ultrices libero non mattis pulvinar nulla pede');
insert into Post_Text (id, content) values ('d1cc603f-e257-4aea-86a0-c0677ce28c4c', 'dictumst etiam faucibus cursus urna ut tellus nulla ut erat id mauris vulputate');
insert into Post_Text (id, content) values ('ad4a1838-b8a1-4001-8c65-66d515f736ab', 'neque aenean auctor gravida sem praesent id massa id nisl venenatis lacinia aenean sit amet justo morbi ut odio cras');
insert into Post_Text (id, content) values ('cc0e79b2-cc5c-4d16-aa1d-d5ae2f490667', 'at turpis donec posuere metus vitae ipsum aliquam non mauris');
insert into Post_Text (id, content) values ('4413c478-1f6e-45e1-83ff-3c2f1cbcdc12', 'phasellus sit amet erat nulla tempus vivamus in felis eu sapien cursus vestibulum proin eu mi nulla ac');
insert into Post_Text (id, content) values ('bfa78817-f973-4688-a25e-9c165ee2f892', 'in purus eu magna vulputate luctus cum sociis natoque penatibus et magnis dis parturient montes');
insert into Post_Text (id, content) values ('c5f96a3f-e5a0-4792-b133-a1285e41cf58', 'donec pharetra magna vestibulum aliquet ultrices erat tortor sollicitudin mi');
insert into Post_Text (id, content) values ('68e407e9-fb20-4d2b-9266-7f683643b80b', 'mi nulla ac enim in tempor turpis nec euismod scelerisque quam turpis adipiscing lorem vitae mattis nibh ligula');
insert into Post_Text (id, content) values ('cfc6806b-12a4-43ad-a01b-3436745bbde0', 'justo morbi ut odio cras mi pede malesuada in imperdiet et commodo vulputate');
insert into Post_Text (id, content) values ('f95af6ce-01c9-4569-abd8-98bfe5edc8e8', 'cras in purus eu magna vulputate luctus cum sociis natoque penatibus et magnis dis parturient montes nascetur ridiculus mus');
insert into Post_Text (id, content) values ('049bb32a-8844-41ef-9b70-7632f58ba874', 'fusce consequat nulla nisl nunc nisl duis bibendum felis sed interdum venenatis turpis enim blandit mi in');
insert into Post_Text (id, content) values ('90e5b301-41d6-4376-833d-5ea4e94502f6', 'neque vestibulum eget vulputate ut ultrices vel augue vestibulum ante ipsum primis in faucibus orci luctus et ultrices posuere');
insert into Post_Text (id, content) values ('64226cff-b87e-4b87-ac6d-1607d0c4b131', 'eleifend pede libero quis orci nullam molestie nibh in lectus pellentesque at nulla suspendisse potenti cras in purus');
insert into Post_Text (id, content) values ('f92a10de-cd93-4e18-8f9c-2e59624cbd62', 'vitae consectetuer eget rutrum at lorem integer tincidunt ante vel ipsum praesent blandit lacinia erat vestibulum sed magna at');
insert into Post_Text (id, content) values ('c576292e-f839-412a-9463-98f11fb03c4b', 'donec semper sapien a libero nam dui proin leo odio porttitor id');
insert into Post_Text (id, content) values ('6f1a5631-664c-46e2-8c8b-765bb51afc00', 'amet eros suspendisse accumsan tortor quis turpis sed ante vivamus tortor duis mattis egestas metus aenean');
insert into Post_Text (id, content) values ('25da109d-63af-4e42-b578-a4466de2ac00', 'vitae mattis nibh ligula nec sem duis aliquam convallis nunc proin at');
insert into Post_Text (id, content) values ('5db1d8e8-817c-497f-9f12-6f7cc80d68c9', 'vel pede morbi porttitor lorem id ligula suspendisse ornare consequat lectus in est risus auctor sed tristique in tempus sit');
insert into Post_Text (id, content) values ('c6ec873f-a64f-4720-a628-4200ff13de60', 'in lectus pellentesque at nulla suspendisse potenti cras in purus eu magna vulputate');
insert into Post_Text (id, content) values ('419e0200-d0f7-4537-b050-3f6007f6d34d', 'sapien iaculis congue vivamus metus arcu adipiscing molestie hendrerit at');
insert into Post_Text (id, content) values ('c7ab0cd6-efab-4497-ad8a-52e471148fa0', 'est quam pharetra magna ac consequat metus sapien ut nunc vestibulum ante ipsum primis in faucibus orci luctus et');
insert into Post_Text (id, content) values ('81503dd7-f2b9-45e3-99a7-c9c1a7d98fe0', 'blandit ultrices enim lorem ipsum dolor sit amet consectetuer adipiscing elit proin interdum');
insert into Post_Text (id, content) values ('6d7aa6fe-38b7-41f3-925a-e6f09551874b', 'ante ipsum primis in faucibus orci luctus et ultrices posuere cubilia curae donec pharetra magna vestibulum aliquet ultrices erat tortor');
insert into Post_Text (id, content) values ('5ba3eb0f-4790-4395-864f-353a32f883e5', 'ut tellus nulla ut erat id mauris vulputate elementum nullam varius nulla');
insert into Post_Text (id, content) values ('71ab4084-f5c7-4ca9-ad4f-dcf748218230', 'dictumst maecenas ut massa quis augue luctus tincidunt nulla mollis molestie lorem quisque');
insert into Post_Text (id, content) values ('51833b81-ac1d-4b3a-84c4-9b1de4a84524', 'odio cras mi pede malesuada in imperdiet et commodo vulputate justo in blandit');
insert into Post_Text (id, content) values ('a7fb0f7a-8791-4128-ba2a-c33d4a00f67f', 'erat nulla tempus vivamus in felis eu sapien cursus vestibulum');
insert into Post_Text (id, content) values ('87b6e93f-a62a-4430-8a7b-02a03c8a8589', 'cras non velit nec nisi vulputate nonummy maecenas tincidunt lacus at velit vivamus vel nulla eget eros');
insert into Post_Text (id, content) values ('e6b22e0d-93c7-4bc1-be12-f6fa116df05b', 'congue elementum in hac habitasse platea dictumst morbi vestibulum velit');
insert into Post_Text (id, content) values ('844380b9-d0c0-420c-816b-5721ee4eeb42', 'iaculis justo in hac habitasse platea dictumst etiam faucibus cursus urna ut tellus nulla');
insert into Post_Text (id, content) values ('6f8c166a-95eb-4c3f-96de-0a8fab07e96f', 'nullam varius nulla facilisi cras non velit nec nisi vulputate');
insert into Post_Text (id, content) values ('f4a8e33e-63bc-4f50-b3cd-d263bf800058', 'quis libero nullam sit amet turpis elementum ligula vehicula consequat morbi a ipsum integer a nibh in quis justo maecenas');
insert into Post_Text (id, content) values ('b0c97f25-5a02-4ed6-bba3-908b89aff506', 'consequat morbi a ipsum integer a nibh in quis justo maecenas rhoncus aliquam lacus');
insert into Post_Text (id, content) values ('5cea7e0e-00e8-477b-bf8b-ab3eb999e6f9', 'amet lobortis sapien sapien non mi integer ac neque duis bibendum morbi non quam nec dui luctus');
insert into Post_Text (id, content) values ('639da91e-297c-4ccf-ad7f-819ca8f4dbc8', 'eget elit sodales scelerisque mauris sit amet eros suspendisse accumsan tortor quis turpis sed ante vivamus tortor');
insert into Post_Text (id, content) values ('d2b88306-19c5-43e0-98e2-50908191bb2e', 'vulputate nonummy maecenas tincidunt lacus at velit vivamus vel nulla eget eros elementum pellentesque quisque porta volutpat');
insert into Post_Text (id, content) values ('b2f8dd9f-e3ce-4bb1-8e61-a25ffb71f1be', 'cras non velit nec nisi vulputate nonummy maecenas tincidunt lacus at velit vivamus vel nulla');
insert into Post_Text (id, content) values ('2a4e8562-a097-4f31-b62c-8fd3d5b35e0c', 'erat id mauris vulputate elementum nullam varius nulla facilisi cras non velit nec');
insert into Post_Text (id, content) values ('a66388cf-fac6-432b-b734-8aa2eb6cfb2d', 'enim leo rhoncus sed vestibulum sit amet cursus id turpis integer aliquet massa id');
insert into Post_Text (id, content) values ('aa0cc3ff-eb78-4cf1-9d4f-a9b4b82af46c', 'ultrices mattis odio donec vitae nisi nam ultrices libero non');
insert into Post_Text (id, content) values ('d9a8e781-ef13-4dd0-b60c-2ce219be594f', 'et magnis dis parturient montes nascetur ridiculus mus etiam vel augue vestibulum rutrum rutrum');
insert into Post_Text (id, content) values ('ce444e07-82ab-4bbf-8656-2bd7344b8675', 'consectetuer adipiscing elit proin interdum mauris non ligula pellentesque ultrices phasellus id sapien in');
insert into Post_Text (id, content) values ('45136f92-b3ae-41ab-9d80-550137aff45f', 'nisi at nibh in hac habitasse platea dictumst aliquam augue quam sollicitudin vitae consectetuer eget rutrum at lorem integer tincidunt');
insert into Post_Text (id, content) values ('5069411d-5aa7-41ae-9ade-455f4c567649', 'sem mauris laoreet ut rhoncus aliquet pulvinar sed nisl nunc rhoncus dui vel sem sed sagittis nam');









insert into Post (id, post_type, community_id, title, author_id, created_on) values ('0ba50a72-726b-44cc-8338-32ae4b64853e', 2, 36, 'exuding', 113, '2023-11-04 22:22:35');
insert into Post (id, post_type, community_id, title, author_id, created_on) values ('ab06019c-3125-4ab9-a486-0cc2ae0e1882', 2, 1, 'Vision-oriented', 115, '2024-04-25 05:04:43');
insert into Post (id, post_type, community_id, title, author_id, created_on) values ('f86314bf-bae5-46ff-8d3b-fde8deae5f98', 2, 1, 'Graphical User Interface', 117, '2023-11-17 16:14:47');
insert into Post (id, post_type, community_id, title, author_id, created_on) values ('f3795c57-e70d-49f6-8386-b4d5bb5897a5', 2, 32, 'methodology', 116, '2024-02-07 02:44:18');
insert into Post (id, post_type, community_id, title, author_id, created_on) values ('8bbb07bc-11f7-4b71-800d-e2755f8fe256', 2, 32, 'neural-net', 116, '2023-06-30 04:01:24');
insert into Post (id, post_type, community_id, title, author_id, created_on) values ('8899856f-a378-4e72-be1b-dd2b596f0144', 2, 34, 'upward-trending', 104, '2023-05-21 02:19:28');
insert into Post (id, post_type, community_id, title, author_id, created_on) values ('099f4d5e-b5f5-4440-9793-2de778d9993f', 2, 36, 'human-resource', 102, '2023-06-22 22:17:07');
insert into Post (id, post_type, community_id, title, author_id, created_on) values ('a5635277-ded3-47fa-9289-913a7c80ce18', 2, 1, 'multi-state', 114, '2023-08-13 03:59:37');
insert into Post (id, post_type, community_id, title, author_id, created_on) values ('454b9280-e00f-479b-98a9-6736ddd9a45e', 2, 34, 'Distributed', 117, '2024-04-01 20:50:31');
insert into Post (id, post_type, community_id, title, author_id, created_on) values ('f02fb52d-1fa9-48fa-9eb8-d95189d1f521', 2, 34, 'Multi-lateral', 116, '2023-09-07 00:15:47');
insert into Post (id, post_type, community_id, title, author_id, created_on) values ('7c105dc2-8f51-47a1-bcf8-dbcf3502eac3', 2, 1, 'neural-net', 113, '2023-12-08 21:42:55');
insert into Post (id, post_type, community_id, title, author_id, created_on) values ('061e5e72-21ad-4c8a-a4ec-f53cebafe636', 2, 36, 'user-facing', 101, '2023-05-29 07:11:37');
insert into Post (id, post_type, community_id, title, author_id, created_on) values ('2cc9840b-898f-4111-b930-7026d819de67', 2, 36, 'focus group', 107, '2024-04-19 20:58:55');
insert into Post (id, post_type, community_id, title, author_id, created_on) values ('24ff3b29-319e-424e-b33a-7832ef46e61f', 2, 36, 'bottom-line', 112, '2023-06-05 22:25:49');
insert into Post (id, post_type, community_id, title, author_id, created_on) values ('e2874f34-e115-42b8-a927-0e2b154be2f2', 2, 1, 'alliance', 115, '2023-10-18 17:19:29');
insert into Post (id, post_type, community_id, title, author_id, created_on) values ('91ee43d3-2186-450d-9adb-94ba0a6d0174', 2, 1, 'Enhanced', 109, '2023-07-14 17:16:45');
insert into Post (id, post_type, community_id, title, author_id, created_on) values ('8c7bc368-05cb-44d7-b218-b603aeac13bf', 2, 34, 'Total', 112, '2023-08-29 03:01:36');
insert into Post (id, post_type, community_id, title, author_id, created_on) values ('28ea8838-9af2-434c-ba41-3d29cb59b64c', 2, 32, 'capacity', 118, '2023-05-06 20:16:07');
insert into Post (id, post_type, community_id, title, author_id, created_on) values ('63eb39b0-471e-4642-a3aa-d2a48364cac7', 2, 1, 'archive', 107, '2023-10-01 02:37:31');
insert into Post (id, post_type, community_id, title, author_id, created_on) values ('fcf85e4c-5f53-405d-8af1-fa2e49097007', 2, 32, 'projection', 119, '2023-05-14 02:30:42');
insert into Post (id, post_type, community_id, title, author_id, created_on) values ('295889d4-1aa2-4a66-bc25-1182664aa420', 2, 36, 'neutral', 112, '2023-08-11 04:06:20');
insert into Post (id, post_type, community_id, title, author_id, created_on) values ('1db8ae87-6bbe-465d-b7c6-c5f98c1aca0c', 2, 34, 'adapter', 104, '2023-09-22 15:03:06');
insert into Post (id, post_type, community_id, title, author_id, created_on) values ('8c907600-664f-497a-9eb3-4b9a3a35a32a', 2, 32, 'complexity', 107, '2024-04-18 11:48:11');
insert into Post (id, post_type, community_id, title, author_id, created_on) values ('004a28d3-f19e-4387-97a7-10eff8a78588', 2, 34, 'Cross-group', 118, '2023-08-15 07:15:04');
insert into Post (id, post_type, community_id, title, author_id, created_on) values ('cce7d034-4c76-4e68-81a0-e6996e062667', 2, 36, 'needs-based', 119, '2024-01-04 17:29:27');
insert into Post (id, post_type, community_id, title, author_id, created_on) values ('a518fb84-285e-4970-95c2-cabcbbda420d', 2, 1, 'product', 117, '2023-09-30 18:31:54');
insert into Post (id, post_type, community_id, title, author_id, created_on) values ('f1613bfe-5295-478b-afcb-4dc4b27642db', 2, 36, 'Multi-lateral', 116, '2024-02-20 05:39:02');
insert into Post (id, post_type, community_id, title, author_id, created_on) values ('b9b5b9ce-5614-4736-ac9f-f39906cfb04a', 2, 1, 'synergy', 107, '2023-12-11 04:06:42');
insert into Post (id, post_type, community_id, title, author_id, created_on) values ('b95e2104-2a4f-4bd4-ab3b-8c27a81a046a', 2, 34, 'intermediate', 104, '2023-07-23 10:56:24');
insert into Post (id, post_type, community_id, title, author_id, created_on) values ('b3089caa-d13a-4969-bd12-b24b872e5b77', 2, 1, 'web-enabled', 109, '2024-03-08 17:44:03');
insert into Post (id, post_type, community_id, title, author_id, created_on) values ('56cf70a8-2b90-4f62-b81c-8ea35aef9bc3', 2, 1, 'extranet', 111, '2023-06-09 12:38:00');
insert into Post (id, post_type, community_id, title, author_id, created_on) values ('ae750183-8b6e-469b-a944-9476bc554753', 2, 1, 'homogeneous', 115, '2023-07-26 06:05:04');
insert into Post (id, post_type, community_id, title, author_id, created_on) values ('ef1eaf32-5bdc-44de-bad3-3a59bac96ead', 2, 36, 'homogeneous', 118, '2023-07-18 19:00:10');
insert into Post (id, post_type, community_id, title, author_id, created_on) values ('23a6df78-739b-4cf6-9e29-9407ea3253b0', 2, 34, 'human-resource', 114, '2024-04-18 22:43:57');
insert into Post (id, post_type, community_id, title, author_id, created_on) values ('6d2135a0-0f88-407b-aa05-2228029e1b8d', 2, 1, 'Customizable', 120, '2023-09-23 06:49:23');
insert into Post (id, post_type, community_id, title, author_id, created_on) values ('b88c0cc9-16d1-4969-b1bb-33e48277bb06', 2, 34, 'Adaptive', 110, '2023-05-16 17:26:04');
insert into Post (id, post_type, community_id, title, author_id, created_on) values ('b9a0d491-3015-46cb-82ec-99faea49ff08', 2, 36, 'Synchronised', 107, '2023-09-25 19:37:02');
insert into Post (id, post_type, community_id, title, author_id, created_on) values ('6e1e280b-6fea-4227-b1f3-b5b8edf81ae6', 2, 32, 'impactful', 109, '2023-11-23 01:45:13');
insert into Post (id, post_type, community_id, title, author_id, created_on) values ('6b19cfe8-2b08-4f3d-8b78-be35b8d58795', 2, 36, 'web-enabled', 113, '2023-06-08 21:50:52');
insert into Post (id, post_type, community_id, title, author_id, created_on) values ('3f26711c-d430-4385-995e-91a5c4b9463a', 2, 34, 'Organic', 102, '2023-05-11 10:01:51');
insert into Post (id, post_type, community_id, title, author_id, created_on) values ('52dd47b8-19ec-488b-9f1c-fa4889b7a7c1', 2, 36, 'Re-contextualized', 113, '2023-09-06 12:18:00');
insert into Post (id, post_type, community_id, title, author_id, created_on) values ('0cc88497-f5a6-47be-8a71-cc8a03a2a8fe', 2, 34, 'Monitored', 105, '2024-02-20 22:16:54');
insert into Post (id, post_type, community_id, title, author_id, created_on) values ('8cc23ca1-e4cd-4624-97de-b17d70175be9', 2, 1, 'Multi-channelled', 114, '2023-07-28 00:28:47');
insert into Post (id, post_type, community_id, title, author_id, created_on) values ('517a5b9c-1769-42a0-b7e2-59f32872fc1d', 2, 1, 'system-worthy', 113, '2023-08-26 12:27:43');
insert into Post (id, post_type, community_id, title, author_id, created_on) values ('b34a19e2-eec7-4a50-801e-4add06d5e770', 2, 36, 'Customer-focused', 106, '2024-04-27 09:34:32');
insert into Post (id, post_type, community_id, title, author_id, created_on) values ('466a6372-80ed-46c7-8ddc-915d0e2a87d9', 2, 34, 'installation', 113, '2023-07-04 13:00:04');
insert into Post (id, post_type, community_id, title, author_id, created_on) values ('a946d787-0893-404b-b7c5-af086bfa868f', 2, 32, 'Customizable', 118, '2023-07-18 02:33:47');
insert into Post (id, post_type, community_id, title, author_id, created_on) values ('dbf564cb-99f1-4d6c-98a2-9ee25e466cff', 2, 1, 'Graphical User Interface', 117, '2023-11-01 02:07:42');
insert into Post (id, post_type, community_id, title, author_id, created_on) values ('dd1fc3ad-201f-4e58-9046-11fdfa34666c', 2, 36, 'encompassing', 103, '2023-09-05 13:47:32');
insert into Post (id, post_type, community_id, title, author_id, created_on) values ('2cf664bd-9bf8-479b-8a00-b5aee2d17ea6', 2, 34, 'Cross-group', 117, '2023-12-06 04:15:17');





insert into Post_Link (id, url) values ('0ba50a72-726b-44cc-8338-32ae4b64853e', 'https://360.cn/eu/interdum/eu/tincidunt/in.jsp?ac=nisl&leo=duis&pellentesque=bibendum&ultrices=felis&mattis=sed&odio=interdum&donec=venenatis&vitae=turpis&nisi=enim&nam=blandit&ultrices=mi&libero=in&non=porttitor&mattis=pede&pulvinar=justo&nulla=eu&pede=massa&ullamcorper=donec&augue=dapibus&a=duis&suscipit=at&nulla=velit&elit=eu&ac=est&nulla=congue&sed=elementum&vel=in&enim=hac&sit=habitasse&amet=platea&nunc=dictumst&viverra=morbi&dapibus=vestibulum&nulla=velit&suscipit=id&ligula=pretium&in=iaculis&lacus=diam');
insert into Post_Link (id, url) values ('ab06019c-3125-4ab9-a486-0cc2ae0e1882', 'http://google.com.au/viverra/diam/vitae/quam/suspendisse.xml?nisl=id&nunc=ornare&nisl=imperdiet&duis=sapien&bibendum=urna&felis=pretium&sed=nisl&interdum=ut&venenatis=volutpat&turpis=sapien&enim=arcu&blandit=sed&mi=augue&in=aliquam&porttitor=erat&pede=volutpat&justo=in&eu=congue&massa=etiam&donec=justo&dapibus=etiam&duis=pretium&at=iaculis&velit=justo&eu=in&est=hac&congue=habitasse&elementum=platea&in=dictumst&hac=etiam&habitasse=faucibus&platea=cursus&dictumst=urna&morbi=ut&vestibulum=tellus&velit=nulla&id=ut&pretium=erat&iaculis=id&diam=mauris&erat=vulputate&fermentum=elementum&justo=nullam&nec=varius&condimentum=nulla&neque=facilisi&sapien=cras&placerat=non&ante=velit&nulla=nec&justo=nisi&aliquam=vulputate&quis=nonummy&turpis=maecenas&eget=tincidunt&elit=lacus&sodales=at&scelerisque=velit&mauris=vivamus&sit=vel&amet=nulla&eros=eget&suspendisse=eros');
insert into Post_Link (id, url) values ('f86314bf-bae5-46ff-8d3b-fde8deae5f98', 'http://mysql.com/lacinia/nisi/venenatis/tristique/fusce/congue.jsp?velit=congue&eu=risus&est=semper&congue=porta&elementum=volutpat&in=quam&hac=pede&habitasse=lobortis&platea=ligula&dictumst=sit&morbi=amet&vestibulum=eleifend&velit=pede&id=libero&pretium=quis&iaculis=orci&diam=nullam&erat=molestie&fermentum=nibh&justo=in&nec=lectus&condimentum=pellentesque&neque=at&sapien=nulla&placerat=suspendisse&ante=potenti&nulla=cras&justo=in&aliquam=purus&quis=eu&turpis=magna&eget=vulputate&elit=luctus&sodales=cum&scelerisque=sociis&mauris=natoque&sit=penatibus&amet=et&eros=magnis&suspendisse=dis&accumsan=parturient&tortor=montes&quis=nascetur&turpis=ridiculus&sed=mus&ante=vivamus&vivamus=vestibulum&tortor=sagittis&duis=sapien&mattis=cum&egestas=sociis&metus=natoque&aenean=penatibus&fermentum=et&donec=magnis&ut=dis&mauris=parturient&eget=montes&massa=nascetur&tempor=ridiculus');
insert into Post_Link (id, url) values ('f3795c57-e70d-49f6-8386-b4d5bb5897a5', 'http://umn.edu/ut/nunc/vestibulum/ante.json?justo=sit&lacinia=amet&eget=diam&tincidunt=in&eget=magna&tempus=bibendum&vel=imperdiet&pede=nullam&morbi=orci&porttitor=pede&lorem=venenatis&id=non&ligula=sodales&suspendisse=sed&ornare=tincidunt&consequat=eu&lectus=felis&in=fusce&est=posuere&risus=felis&auctor=sed&sed=lacus&tristique=morbi&in=sem&tempus=mauris&sit=laoreet&amet=ut&sem=rhoncus&fusce=aliquet&consequat=pulvinar&nulla=sed&nisl=nisl&nunc=nunc&nisl=rhoncus&duis=dui&bibendum=vel&felis=sem&sed=sed&interdum=sagittis&venenatis=nam&turpis=congue&enim=risus&blandit=semper&mi=porta&in=volutpat&porttitor=quam&pede=pede&justo=lobortis&eu=ligula&massa=sit&donec=amet&dapibus=eleifend&duis=pede&at=libero&velit=quis&eu=orci&est=nullam&congue=molestie&elementum=nibh&in=in&hac=lectus&habitasse=pellentesque&platea=at&dictumst=nulla&morbi=suspendisse&vestibulum=potenti&velit=cras&id=in&pretium=purus&iaculis=eu&diam=magna&erat=vulputate&fermentum=luctus&justo=cum&nec=sociis&condimentum=natoque&neque=penatibus&sapien=et&placerat=magnis&ante=dis&nulla=parturient&justo=montes&aliquam=nascetur&quis=ridiculus&turpis=mus&eget=vivamus&elit=vestibulum&sodales=sagittis&scelerisque=sapien&mauris=cum&sit=sociis&amet=natoque&eros=penatibus&suspendisse=et&accumsan=magnis&tortor=dis&quis=parturient&turpis=montes');
insert into Post_Link (id, url) values ('8bbb07bc-11f7-4b71-800d-e2755f8fe256', 'https://cnbc.com/dictumst/maecenas/ut.jpg?vel=imperdiet&pede=sapien&morbi=urna&porttitor=pretium&lorem=nisl&id=ut&ligula=volutpat&suspendisse=sapien&ornare=arcu&consequat=sed&lectus=augue&in=aliquam&est=erat&risus=volutpat&auctor=in&sed=congue&tristique=etiam&in=justo');
insert into Post_Link (id, url) values ('8899856f-a378-4e72-be1b-dd2b596f0144', 'http://bloglines.com/etiam/justo.html?ac=elementum&enim=in&in=hac&tempor=habitasse&turpis=platea&nec=dictumst&euismod=morbi&scelerisque=vestibulum&quam=velit&turpis=id&adipiscing=pretium&lorem=iaculis&vitae=diam&mattis=erat&nibh=fermentum&ligula=justo&nec=nec');
insert into Post_Link (id, url) values ('099f4d5e-b5f5-4440-9793-2de778d9993f', 'https://webs.com/consequat.aspx?vel=eu&nisl=felis&duis=fusce&ac=posuere&nibh=felis&fusce=sed&lacus=lacus&purus=morbi&aliquet=sem&at=mauris&feugiat=laoreet&non=ut&pretium=rhoncus&quis=aliquet&lectus=pulvinar&suspendisse=sed&potenti=nisl&in=nunc&eleifend=rhoncus&quam=dui&a=vel&odio=sem&in=sed&hac=sagittis&habitasse=nam&platea=congue&dictumst=risus&maecenas=semper&ut=porta&massa=volutpat&quis=quam&augue=pede&luctus=lobortis&tincidunt=ligula&nulla=sit&mollis=amet&molestie=eleifend&lorem=pede&quisque=libero&ut=quis&erat=orci&curabitur=nullam&gravida=molestie&nisi=nibh&at=in&nibh=lectus&in=pellentesque&hac=at&habitasse=nulla&platea=suspendisse&dictumst=potenti&aliquam=cras&augue=in&quam=purus&sollicitudin=eu&vitae=magna&consectetuer=vulputate&eget=luctus&rutrum=cum&at=sociis&lorem=natoque&integer=penatibus&tincidunt=et&ante=magnis&vel=dis&ipsum=parturient&praesent=montes&blandit=nascetur&lacinia=ridiculus&erat=mus&vestibulum=vivamus&sed=vestibulum&magna=sagittis&at=sapien&nunc=cum&commodo=sociis&placerat=natoque&praesent=penatibus&blandit=et&nam=magnis&nulla=dis&integer=parturient&pede=montes&justo=nascetur&lacinia=ridiculus&eget=mus&tincidunt=etiam&eget=vel&tempus=augue&vel=vestibulum');
insert into Post_Link (id, url) values ('a5635277-ded3-47fa-9289-913a7c80ce18', 'http://ihg.com/vestibulum/velit.jpg?potenti=sed&nullam=lacus&porttitor=morbi&lacus=sem&at=mauris&turpis=laoreet&donec=ut&posuere=rhoncus&metus=aliquet&vitae=pulvinar&ipsum=sed&aliquam=nisl&non=nunc&mauris=rhoncus&morbi=dui&non=vel&lectus=sem&aliquam=sed&sit=sagittis&amet=nam&diam=congue&in=risus&magna=semper&bibendum=porta&imperdiet=volutpat&nullam=quam&orci=pede&pede=lobortis&venenatis=ligula&non=sit&sodales=amet&sed=eleifend&tincidunt=pede&eu=libero');
insert into Post_Link (id, url) values ('454b9280-e00f-479b-98a9-6736ddd9a45e', 'http://cafepress.com/ante/vestibulum/ante/ipsum/primis/in.aspx?purus=praesent&eu=blandit&magna=nam&vulputate=nulla&luctus=integer&cum=pede&sociis=justo&natoque=lacinia&penatibus=eget&et=tincidunt&magnis=eget&dis=tempus&parturient=vel&montes=pede&nascetur=morbi&ridiculus=porttitor&mus=lorem&vivamus=id&vestibulum=ligula&sagittis=suspendisse&sapien=ornare&cum=consequat&sociis=lectus&natoque=in&penatibus=est&et=risus&magnis=auctor&dis=sed&parturient=tristique&montes=in&nascetur=tempus&ridiculus=sit&mus=amet&etiam=sem&vel=fusce&augue=consequat&vestibulum=nulla&rutrum=nisl&rutrum=nunc&neque=nisl&aenean=duis&auctor=bibendum&gravida=felis&sem=sed&praesent=interdum&id=venenatis&massa=turpis&id=enim&nisl=blandit&venenatis=mi&lacinia=in&aenean=porttitor&sit=pede&amet=justo&justo=eu&morbi=massa&ut=donec&odio=dapibus&cras=duis&mi=at&pede=velit&malesuada=eu&in=est&imperdiet=congue&et=elementum&commodo=in&vulputate=hac&justo=habitasse&in=platea&blandit=dictumst&ultrices=morbi&enim=vestibulum&lorem=velit&ipsum=id&dolor=pretium&sit=iaculis');
insert into Post_Link (id, url) values ('f02fb52d-1fa9-48fa-9eb8-d95189d1f521', 'https://psu.edu/congue/vivamus/metus/arcu.js?metus=volutpat&aenean=eleifend&fermentum=donec&donec=ut&ut=dolor&mauris=morbi&eget=vel&massa=lectus&tempor=in&convallis=quam&nulla=fringilla&neque=rhoncus&libero=mauris&convallis=enim&eget=leo&eleifend=rhoncus&luctus=sed&ultricies=vestibulum&eu=sit&nibh=amet&quisque=cursus&id=id&justo=turpis&sit=integer&amet=aliquet&sapien=massa&dignissim=id');
insert into Post_Link (id, url) values ('7c105dc2-8f51-47a1-bcf8-dbcf3502eac3', 'http://scientificamerican.com/ut/ultrices/vel/augue/vestibulum/ante.html?at=cubilia&nulla=curae&suspendisse=duis&potenti=faucibus&cras=accumsan&in=odio&purus=curabitur&eu=convallis&magna=duis&vulputate=consequat&luctus=dui&cum=nec&sociis=nisi&natoque=volutpat&penatibus=eleifend&et=donec&magnis=ut&dis=dolor&parturient=morbi&montes=vel&nascetur=lectus&ridiculus=in&mus=quam&vivamus=fringilla&vestibulum=rhoncus&sagittis=mauris&sapien=enim&cum=leo&sociis=rhoncus&natoque=sed&penatibus=vestibulum&et=sit&magnis=amet&dis=cursus&parturient=id&montes=turpis&nascetur=integer&ridiculus=aliquet&mus=massa&etiam=id&vel=lobortis&augue=convallis&vestibulum=tortor&rutrum=risus&rutrum=dapibus&neque=augue&aenean=vel&auctor=accumsan&gravida=tellus&sem=nisi&praesent=eu&id=orci&massa=mauris&id=lacinia');
insert into Post_Link (id, url) values ('061e5e72-21ad-4c8a-a4ec-f53cebafe636', 'https://tripod.com/amet/justo/morbi/ut/odio.jsp?at=tristique&velit=fusce&eu=congue&est=diam&congue=id&elementum=ornare&in=imperdiet&hac=sapien&habitasse=urna&platea=pretium&dictumst=nisl&morbi=ut&vestibulum=volutpat&velit=sapien&id=arcu&pretium=sed&iaculis=augue&diam=aliquam&erat=erat&fermentum=volutpat&justo=in&nec=congue&condimentum=etiam&neque=justo&sapien=etiam&placerat=pretium&ante=iaculis&nulla=justo&justo=in&aliquam=hac&quis=habitasse&turpis=platea&eget=dictumst&elit=etiam&sodales=faucibus');
insert into Post_Link (id, url) values ('2cc9840b-898f-4111-b930-7026d819de67', 'https://admin.ch/sollicitudin/vitae/consectetuer/eget.xml?nec=vestibulum&molestie=ante&sed=ipsum&justo=primis&pellentesque=in&viverra=faucibus&pede=orci&ac=luctus&diam=et&cras=ultrices&pellentesque=posuere&volutpat=cubilia&dui=curae&maecenas=mauris&tristique=viverra&est=diam');
insert into Post_Link (id, url) values ('24ff3b29-319e-424e-b33a-7832ef46e61f', 'https://scientificamerican.com/mauris.aspx?mattis=ac&egestas=est&metus=lacinia&aenean=nisi&fermentum=venenatis&donec=tristique&ut=fusce&mauris=congue&eget=diam&massa=id&tempor=ornare&convallis=imperdiet');
insert into Post_Link (id, url) values ('e2874f34-e115-42b8-a927-0e2b154be2f2', 'https://paypal.com/fringilla/rhoncus/mauris/enim/leo/rhoncus/sed.js?nam=lacus&nulla=morbi&integer=quis&pede=tortor&justo=id&lacinia=nulla&eget=ultrices&tincidunt=aliquet&eget=maecenas&tempus=leo&vel=odio&pede=condimentum&morbi=id&porttitor=luctus&lorem=nec&id=molestie&ligula=sed&suspendisse=justo&ornare=pellentesque&consequat=viverra&lectus=pede&in=ac&est=diam&risus=cras&auctor=pellentesque&sed=volutpat&tristique=dui&in=maecenas&tempus=tristique&sit=est&amet=et&sem=tempus&fusce=semper&consequat=est&nulla=quam&nisl=pharetra&nunc=magna&nisl=ac&duis=consequat&bibendum=metus&felis=sapien&sed=ut&interdum=nunc&venenatis=vestibulum&turpis=ante&enim=ipsum&blandit=primis&mi=in&in=faucibus&porttitor=orci&pede=luctus&justo=et&eu=ultrices&massa=posuere&donec=cubilia&dapibus=curae&duis=mauris&at=viverra&velit=diam&eu=vitae&est=quam&congue=suspendisse&elementum=potenti&in=nullam&hac=porttitor&habitasse=lacus');
insert into Post_Link (id, url) values ('91ee43d3-2186-450d-9adb-94ba0a6d0174', 'http://cmu.edu/luctus/nec/molestie/sed/justo.jsp?et=mi&ultrices=in&posuere=porttitor&cubilia=pede&curae=justo&nulla=eu&dapibus=massa&dolor=donec&vel=dapibus&est=duis&donec=at&odio=velit&justo=eu&sollicitudin=est&ut=congue&suscipit=elementum&a=in&feugiat=hac&et=habitasse&eros=platea&vestibulum=dictumst&ac=morbi&est=vestibulum&lacinia=velit&nisi=id&venenatis=pretium&tristique=iaculis&fusce=diam&congue=erat&diam=fermentum&id=justo&ornare=nec&imperdiet=condimentum&sapien=neque&urna=sapien&pretium=placerat&nisl=ante&ut=nulla&volutpat=justo&sapien=aliquam&arcu=quis&sed=turpis&augue=eget&aliquam=elit&erat=sodales&volutpat=scelerisque&in=mauris&congue=sit&etiam=amet&justo=eros&etiam=suspendisse&pretium=accumsan&iaculis=tortor&justo=quis&in=turpis&hac=sed');
insert into Post_Link (id, url) values ('8c7bc368-05cb-44d7-b218-b603aeac13bf', 'https://blog.com/lacinia/sapien/quis/libero/nullam.xml?neque=nec&duis=dui&bibendum=luctus&morbi=rutrum&non=nulla&quam=tellus&nec=in&dui=sagittis&luctus=dui&rutrum=vel&nulla=nisl&tellus=duis&in=ac&sagittis=nibh&dui=fusce&vel=lacus&nisl=purus&duis=aliquet&ac=at&nibh=feugiat&fusce=non&lacus=pretium&purus=quis&aliquet=lectus&at=suspendisse&feugiat=potenti&non=in&pretium=eleifend&quis=quam&lectus=a&suspendisse=odio&potenti=in&in=hac&eleifend=habitasse&quam=platea&a=dictumst&odio=maecenas&in=ut&hac=massa&habitasse=quis&platea=augue&dictumst=luctus&maecenas=tincidunt&ut=nulla&massa=mollis&quis=molestie&augue=lorem&luctus=quisque&tincidunt=ut&nulla=erat&mollis=curabitur&molestie=gravida&lorem=nisi&quisque=at&ut=nibh&erat=in&curabitur=hac&gravida=habitasse&nisi=platea&at=dictumst&nibh=aliquam&in=augue&hac=quam&habitasse=sollicitudin&platea=vitae&dictumst=consectetuer&aliquam=eget&augue=rutrum&quam=at&sollicitudin=lorem&vitae=integer&consectetuer=tincidunt&eget=ante&rutrum=vel&at=ipsum&lorem=praesent&integer=blandit&tincidunt=lacinia&ante=erat&vel=vestibulum&ipsum=sed&praesent=magna&blandit=at&lacinia=nunc&erat=commodo&vestibulum=placerat&sed=praesent&magna=blandit&at=nam');
insert into Post_Link (id, url) values ('28ea8838-9af2-434c-ba41-3d29cb59b64c', 'http://prnewswire.com/porttitor/id/consequat/in/consequat.aspx?habitasse=pellentesque&platea=viverra&dictumst=pede&maecenas=ac&ut=diam&massa=cras&quis=pellentesque&augue=volutpat&luctus=dui&tincidunt=maecenas&nulla=tristique&mollis=est&molestie=et&lorem=tempus&quisque=semper&ut=est&erat=quam&curabitur=pharetra&gravida=magna&nisi=ac&at=consequat&nibh=metus&in=sapien&hac=ut&habitasse=nunc&platea=vestibulum&dictumst=ante&aliquam=ipsum&augue=primis&quam=in&sollicitudin=faucibus&vitae=orci&consectetuer=luctus&eget=et&rutrum=ultrices&at=posuere&lorem=cubilia&integer=curae&tincidunt=mauris&ante=viverra&vel=diam&ipsum=vitae&praesent=quam&blandit=suspendisse&lacinia=potenti&erat=nullam&vestibulum=porttitor&sed=lacus&magna=at&at=turpis&nunc=donec&commodo=posuere&placerat=metus&praesent=vitae&blandit=ipsum&nam=aliquam&nulla=non&integer=mauris&pede=morbi&justo=non&lacinia=lectus&eget=aliquam&tincidunt=sit&eget=amet&tempus=diam&vel=in&pede=magna&morbi=bibendum&porttitor=imperdiet&lorem=nullam&id=orci&ligula=pede&suspendisse=venenatis&ornare=non&consequat=sodales&lectus=sed&in=tincidunt&est=eu&risus=felis&auctor=fusce&sed=posuere&tristique=felis&in=sed&tempus=lacus&sit=morbi&amet=sem&sem=mauris&fusce=laoreet&consequat=ut&nulla=rhoncus');
insert into Post_Link (id, url) values ('63eb39b0-471e-4642-a3aa-d2a48364cac7', 'https://ehow.com/lectus/pellentesque/eget/nunc/donec.jsp?parturient=leo&montes=rhoncus&nascetur=sed&ridiculus=vestibulum&mus=sit&vivamus=amet&vestibulum=cursus&sagittis=id&sapien=turpis&cum=integer&sociis=aliquet&natoque=massa&penatibus=id&et=lobortis&magnis=convallis&dis=tortor&parturient=risus&montes=dapibus&nascetur=augue&ridiculus=vel&mus=accumsan&etiam=tellus&vel=nisi&augue=eu&vestibulum=orci&rutrum=mauris&rutrum=lacinia&neque=sapien&aenean=quis&auctor=libero&gravida=nullam&sem=sit&praesent=amet&id=turpis&massa=elementum&id=ligula&nisl=vehicula&venenatis=consequat&lacinia=morbi&aenean=a&sit=ipsum&amet=integer&justo=a&morbi=nibh&ut=in&odio=quis&cras=justo&mi=maecenas&pede=rhoncus&malesuada=aliquam&in=lacus&imperdiet=morbi&et=quis&commodo=tortor&vulputate=id&justo=nulla&in=ultrices&blandit=aliquet&ultrices=maecenas&enim=leo&lorem=odio&ipsum=condimentum&dolor=id&sit=luctus&amet=nec&consectetuer=molestie&adipiscing=sed&elit=justo&proin=pellentesque&interdum=viverra&mauris=pede&non=ac&ligula=diam&pellentesque=cras&ultrices=pellentesque&phasellus=volutpat&id=dui&sapien=maecenas&in=tristique&sapien=est&iaculis=et&congue=tempus&vivamus=semper&metus=est&arcu=quam&adipiscing=pharetra&molestie=magna&hendrerit=ac&at=consequat&vulputate=metus&vitae=sapien&nisl=ut&aenean=nunc');
insert into Post_Link (id, url) values ('fcf85e4c-5f53-405d-8af1-fa2e49097007', 'https://utexas.edu/et.html?eros=magnis&suspendisse=dis&accumsan=parturient&tortor=montes&quis=nascetur&turpis=ridiculus&sed=mus&ante=vivamus&vivamus=vestibulum&tortor=sagittis&duis=sapien&mattis=cum&egestas=sociis&metus=natoque&aenean=penatibus&fermentum=et&donec=magnis&ut=dis&mauris=parturient&eget=montes&massa=nascetur&tempor=ridiculus&convallis=mus&nulla=etiam&neque=vel&libero=augue&convallis=vestibulum&eget=rutrum&eleifend=rutrum&luctus=neque&ultricies=aenean&eu=auctor&nibh=gravida&quisque=sem&id=praesent&justo=id&sit=massa&amet=id&sapien=nisl&dignissim=venenatis&vestibulum=lacinia&vestibulum=aenean&ante=sit&ipsum=amet&primis=justo');
insert into Post_Link (id, url) values ('295889d4-1aa2-4a66-bc25-1182664aa420', 'http://people.com.cn/cubilia/curae/nulla/dapibus/dolor.png?eu=tempor&orci=convallis&mauris=nulla&lacinia=neque&sapien=libero&quis=convallis&libero=eget&nullam=eleifend&sit=luctus&amet=ultricies&turpis=eu&elementum=nibh&ligula=quisque&vehicula=id&consequat=justo&morbi=sit&a=amet&ipsum=sapien&integer=dignissim&a=vestibulum&nibh=vestibulum&in=ante&quis=ipsum&justo=primis&maecenas=in&rhoncus=faucibus&aliquam=orci&lacus=luctus&morbi=et&quis=ultrices&tortor=posuere&id=cubilia&nulla=curae&ultrices=nulla');
insert into Post_Link (id, url) values ('1db8ae87-6bbe-465d-b7c6-c5f98c1aca0c', 'https://boston.com/nulla/suscipit.jsp?sit=orci&amet=mauris&sapien=lacinia&dignissim=sapien&vestibulum=quis&vestibulum=libero&ante=nullam&ipsum=sit&primis=amet&in=turpis&faucibus=elementum&orci=ligula');
insert into Post_Link (id, url) values ('8c907600-664f-497a-9eb3-4b9a3a35a32a', 'http://who.int/sapien/cum/sociis.jpg?in=orci&quam=luctus&fringilla=et&rhoncus=ultrices&mauris=posuere&enim=cubilia&leo=curae&rhoncus=mauris&sed=viverra&vestibulum=diam&sit=vitae&amet=quam&cursus=suspendisse&id=potenti&turpis=nullam&integer=porttitor&aliquet=lacus&massa=at&id=turpis&lobortis=donec&convallis=posuere&tortor=metus&risus=vitae&dapibus=ipsum&augue=aliquam&vel=non&accumsan=mauris&tellus=morbi&nisi=non&eu=lectus&orci=aliquam&mauris=sit&lacinia=amet&sapien=diam&quis=in&libero=magna&nullam=bibendum&sit=imperdiet&amet=nullam&turpis=orci&elementum=pede&ligula=venenatis&vehicula=non&consequat=sodales&morbi=sed&a=tincidunt&ipsum=eu&integer=felis&a=fusce&nibh=posuere&in=felis&quis=sed&justo=lacus&maecenas=morbi&rhoncus=sem&aliquam=mauris&lacus=laoreet&morbi=ut&quis=rhoncus&tortor=aliquet&id=pulvinar&nulla=sed&ultrices=nisl&aliquet=nunc&maecenas=rhoncus&leo=dui&odio=vel&condimentum=sem&id=sed&luctus=sagittis&nec=nam&molestie=congue&sed=risus&justo=semper&pellentesque=porta&viverra=volutpat&pede=quam&ac=pede&diam=lobortis&cras=ligula&pellentesque=sit&volutpat=amet&dui=eleifend&maecenas=pede&tristique=libero&est=quis&et=orci&tempus=nullam&semper=molestie&est=nibh&quam=in&pharetra=lectus&magna=pellentesque&ac=at');
insert into Post_Link (id, url) values ('004a28d3-f19e-4387-97a7-10eff8a78588', 'http://marketwatch.com/ante.jsp?nullam=curabitur&porttitor=at&lacus=ipsum&at=ac&turpis=tellus&donec=semper&posuere=interdum&metus=mauris&vitae=ullamcorper&ipsum=purus&aliquam=sit&non=amet&mauris=nulla&morbi=quisque&non=arcu&lectus=libero&aliquam=rutrum&sit=ac');
insert into Post_Link (id, url) values ('cce7d034-4c76-4e68-81a0-e6996e062667', 'http://ox.ac.uk/nulla/facilisi/cras/non/velit/nec.json?leo=ornare&pellentesque=consequat&ultrices=lectus&mattis=in&odio=est&donec=risus&vitae=auctor&nisi=sed&nam=tristique&ultrices=in&libero=tempus&non=sit&mattis=amet&pulvinar=sem&nulla=fusce&pede=consequat&ullamcorper=nulla&augue=nisl&a=nunc&suscipit=nisl&nulla=duis&elit=bibendum&ac=felis&nulla=sed&sed=interdum&vel=venenatis&enim=turpis&sit=enim&amet=blandit&nunc=mi&viverra=in&dapibus=porttitor&nulla=pede&suscipit=justo&ligula=eu&in=massa&lacus=donec&curabitur=dapibus');
insert into Post_Link (id, url) values ('a518fb84-285e-4970-95c2-cabcbbda420d', 'http://examiner.com/pellentesque/volutpat/dui/maecenas/tristique/est/et.jsp?nisl=ipsum&ut=praesent');
insert into Post_Link (id, url) values ('f1613bfe-5295-478b-afcb-4dc4b27642db', 'https://oracle.com/fringilla/rhoncus/mauris/enim/leo/rhoncus.jsp?at=eget&nulla=congue&suspendisse=eget&potenti=semper&cras=rutrum&in=nulla&purus=nunc&eu=purus&magna=phasellus&vulputate=in&luctus=felis&cum=donec&sociis=semper&natoque=sapien&penatibus=a&et=libero&magnis=nam&dis=dui&parturient=proin&montes=leo&nascetur=odio&ridiculus=porttitor&mus=id&vivamus=consequat&vestibulum=in&sagittis=consequat&sapien=ut&cum=nulla&sociis=sed&natoque=accumsan&penatibus=felis&et=ut&magnis=at&dis=dolor&parturient=quis&montes=odio&nascetur=consequat&ridiculus=varius&mus=integer&etiam=ac&vel=leo&augue=pellentesque&vestibulum=ultrices&rutrum=mattis&rutrum=odio&neque=donec&aenean=vitae&auctor=nisi&gravida=nam&sem=ultrices&praesent=libero&id=non&massa=mattis&id=pulvinar&nisl=nulla&venenatis=pede&lacinia=ullamcorper&aenean=augue&sit=a&amet=suscipit&justo=nulla&morbi=elit&ut=ac&odio=nulla&cras=sed&mi=vel&pede=enim&malesuada=sit&in=amet&imperdiet=nunc');
insert into Post_Link (id, url) values ('b9b5b9ce-5614-4736-ac9f-f39906cfb04a', 'https://addtoany.com/aliquam.png?urna=iaculis&ut=diam&tellus=erat&nulla=fermentum&ut=justo&erat=nec&id=condimentum&mauris=neque&vulputate=sapien&elementum=placerat&nullam=ante&varius=nulla&nulla=justo&facilisi=aliquam&cras=quis&non=turpis&velit=eget&nec=elit&nisi=sodales&vulputate=scelerisque&nonummy=mauris&maecenas=sit&tincidunt=amet&lacus=eros&at=suspendisse&velit=accumsan&vivamus=tortor&vel=quis&nulla=turpis&eget=sed&eros=ante&elementum=vivamus&pellentesque=tortor&quisque=duis&porta=mattis&volutpat=egestas&erat=metus&quisque=aenean&erat=fermentum&eros=donec&viverra=ut&eget=mauris&congue=eget&eget=massa&semper=tempor&rutrum=convallis&nulla=nulla&nunc=neque&purus=libero&phasellus=convallis&in=eget&felis=eleifend&donec=luctus&semper=ultricies&sapien=eu&a=nibh&libero=quisque&nam=id&dui=justo&proin=sit&leo=amet&odio=sapien&porttitor=dignissim&id=vestibulum&consequat=vestibulum&in=ante&consequat=ipsum&ut=primis&nulla=in&sed=faucibus&accumsan=orci&felis=luctus');
insert into Post_Link (id, url) values ('b95e2104-2a4f-4bd4-ab3b-8c27a81a046a', 'https://wisc.edu/primis/in/faucibus.aspx?vivamus=vitae&vel=nisl&nulla=aenean&eget=lectus&eros=pellentesque&elementum=eget&pellentesque=nunc&quisque=donec&porta=quis&volutpat=orci&erat=eget&quisque=orci&erat=vehicula&eros=condimentum&viverra=curabitur&eget=in&congue=libero&eget=ut&semper=massa&rutrum=volutpat&nulla=convallis&nunc=morbi&purus=odio&phasellus=odio&in=elementum&felis=eu&donec=interdum&semper=eu&sapien=tincidunt&a=in&libero=leo');
insert into Post_Link (id, url) values ('b3089caa-d13a-4969-bd12-b24b872e5b77', 'https://sphinn.com/pede/posuere.aspx?ipsum=odio&dolor=odio&sit=elementum&amet=eu&consectetuer=interdum&adipiscing=eu&elit=tincidunt&proin=in&risus=leo&praesent=maecenas&lectus=pulvinar&vestibulum=lobortis&quam=est&sapien=phasellus&varius=sit&ut=amet&blandit=erat&non=nulla&interdum=tempus&in=vivamus&ante=in&vestibulum=felis&ante=eu&ipsum=sapien&primis=cursus&in=vestibulum&faucibus=proin&orci=eu&luctus=mi&et=nulla&ultrices=ac&posuere=enim&cubilia=in&curae=tempor&duis=turpis&faucibus=nec&accumsan=euismod&odio=scelerisque&curabitur=quam&convallis=turpis&duis=adipiscing&consequat=lorem&dui=vitae&nec=mattis&nisi=nibh&volutpat=ligula&eleifend=nec&donec=sem&ut=duis&dolor=aliquam&morbi=convallis&vel=nunc&lectus=proin&in=at&quam=turpis&fringilla=a&rhoncus=pede&mauris=posuere&enim=nonummy&leo=integer&rhoncus=non&sed=velit&vestibulum=donec&sit=diam&amet=neque&cursus=vestibulum&id=eget&turpis=vulputate');
insert into Post_Link (id, url) values ('56cf70a8-2b90-4f62-b81c-8ea35aef9bc3', 'https://washington.edu/id/justo/sit/amet/sapien/dignissim.xml?a=ante&nibh=vivamus&in=tortor&quis=duis&justo=mattis');
insert into Post_Link (id, url) values ('ae750183-8b6e-469b-a944-9476bc554753', 'https://tripod.com/maecenas/tristique/est.aspx?posuere=nec&metus=nisi&vitae=volutpat&ipsum=eleifend&aliquam=donec&non=ut&mauris=dolor&morbi=morbi&non=vel&lectus=lectus&aliquam=in&sit=quam&amet=fringilla&diam=rhoncus&in=mauris&magna=enim&bibendum=leo&imperdiet=rhoncus&nullam=sed&orci=vestibulum&pede=sit&venenatis=amet&non=cursus&sodales=id&sed=turpis&tincidunt=integer&eu=aliquet&felis=massa&fusce=id&posuere=lobortis&felis=convallis&sed=tortor&lacus=risus&morbi=dapibus&sem=augue&mauris=vel&laoreet=accumsan&ut=tellus&rhoncus=nisi&aliquet=eu&pulvinar=orci&sed=mauris&nisl=lacinia&nunc=sapien&rhoncus=quis&dui=libero&vel=nullam&sem=sit&sed=amet&sagittis=turpis&nam=elementum&congue=ligula&risus=vehicula&semper=consequat&porta=morbi&volutpat=a');
insert into Post_Link (id, url) values ('ef1eaf32-5bdc-44de-bad3-3a59bac96ead', 'https://vistaprint.com/curabitur/at/ipsum/ac/tellus/semper.json?nunc=consectetuer&vestibulum=eget&ante=rutrum&ipsum=at&primis=lorem&in=integer&faucibus=tincidunt&orci=ante&luctus=vel&et=ipsum&ultrices=praesent&posuere=blandit&cubilia=lacinia&curae=erat&mauris=vestibulum&viverra=sed&diam=magna&vitae=at&quam=nunc&suspendisse=commodo&potenti=placerat&nullam=praesent&porttitor=blandit&lacus=nam&at=nulla&turpis=integer&donec=pede&posuere=justo&metus=lacinia&vitae=eget&ipsum=tincidunt&aliquam=eget&non=tempus');
insert into Post_Link (id, url) values ('23a6df78-739b-4cf6-9e29-9407ea3253b0', 'http://alexa.com/congue/risus/semper.png?sem=et&fusce=magnis&consequat=dis&nulla=parturient&nisl=montes&nunc=nascetur&nisl=ridiculus&duis=mus&bibendum=vivamus&felis=vestibulum&sed=sagittis&interdum=sapien&venenatis=cum&turpis=sociis&enim=natoque&blandit=penatibus&mi=et&in=magnis&porttitor=dis&pede=parturient&justo=montes&eu=nascetur&massa=ridiculus&donec=mus&dapibus=etiam&duis=vel&at=augue&velit=vestibulum&eu=rutrum&est=rutrum&congue=neque&elementum=aenean&in=auctor&hac=gravida');
insert into Post_Link (id, url) values ('6d2135a0-0f88-407b-aa05-2228029e1b8d', 'http://about.com/id/consequat.jsp?ut=est&blandit=quam&non=pharetra&interdum=magna&in=ac&ante=consequat&vestibulum=metus&ante=sapien&ipsum=ut&primis=nunc&in=vestibulum&faucibus=ante&orci=ipsum&luctus=primis&et=in&ultrices=faucibus&posuere=orci&cubilia=luctus&curae=et&duis=ultrices&faucibus=posuere&accumsan=cubilia&odio=curae&curabitur=mauris&convallis=viverra&duis=diam&consequat=vitae&dui=quam&nec=suspendisse&nisi=potenti&volutpat=nullam&eleifend=porttitor&donec=lacus&ut=at&dolor=turpis&morbi=donec&vel=posuere&lectus=metus&in=vitae&quam=ipsum&fringilla=aliquam&rhoncus=non&mauris=mauris&enim=morbi&leo=non&rhoncus=lectus&sed=aliquam&vestibulum=sit&sit=amet&amet=diam&cursus=in&id=magna&turpis=bibendum&integer=imperdiet&aliquet=nullam&massa=orci&id=pede&lobortis=venenatis&convallis=non&tortor=sodales&risus=sed&dapibus=tincidunt&augue=eu&vel=felis&accumsan=fusce&tellus=posuere&nisi=felis&eu=sed&orci=lacus&mauris=morbi&lacinia=sem&sapien=mauris&quis=laoreet&libero=ut&nullam=rhoncus&sit=aliquet&amet=pulvinar&turpis=sed&elementum=nisl');
insert into Post_Link (id, url) values ('b88c0cc9-16d1-4969-b1bb-33e48277bb06', 'https://freewebs.com/vulputate/justo/in/blandit/ultrices/enim.xml?enim=odio&blandit=curabitur&mi=convallis&in=duis&porttitor=consequat&pede=dui&justo=nec&eu=nisi&massa=volutpat&donec=eleifend&dapibus=donec&duis=ut&at=dolor&velit=morbi&eu=vel&est=lectus&congue=in');
insert into Post_Link (id, url) values ('b9a0d491-3015-46cb-82ec-99faea49ff08', 'https://wiley.com/purus/eu.jsp?et=tellus&ultrices=semper&posuere=interdum&cubilia=mauris&curae=ullamcorper&duis=purus&faucibus=sit&accumsan=amet&odio=nulla&curabitur=quisque&convallis=arcu&duis=libero&consequat=rutrum&dui=ac');
insert into Post_Link (id, url) values ('6e1e280b-6fea-4227-b1f3-b5b8edf81ae6', 'https://cyberchimps.com/ullamcorper/augue/a.json?nisi=nulla&venenatis=ultrices&tristique=aliquet&fusce=maecenas&congue=leo&diam=odio&id=condimentum&ornare=id&imperdiet=luctus&sapien=nec&urna=molestie&pretium=sed&nisl=justo');
insert into Post_Link (id, url) values ('6b19cfe8-2b08-4f3d-8b78-be35b8d58795', 'http://reference.com/turpis/enim/blandit/mi/in.xml?dolor=odio&morbi=condimentum&vel=id&lectus=luctus&in=nec&quam=molestie&fringilla=sed&rhoncus=justo&mauris=pellentesque&enim=viverra&leo=pede&rhoncus=ac&sed=diam&vestibulum=cras&sit=pellentesque&amet=volutpat&cursus=dui&id=maecenas&turpis=tristique&integer=est&aliquet=et&massa=tempus&id=semper&lobortis=est&convallis=quam&tortor=pharetra&risus=magna&dapibus=ac&augue=consequat&vel=metus&accumsan=sapien&tellus=ut&nisi=nunc&eu=vestibulum&orci=ante&mauris=ipsum&lacinia=primis&sapien=in&quis=faucibus&libero=orci&nullam=luctus&sit=et&amet=ultrices&turpis=posuere&elementum=cubilia&ligula=curae&vehicula=mauris&consequat=viverra&morbi=diam&a=vitae&ipsum=quam&integer=suspendisse&a=potenti&nibh=nullam&in=porttitor&quis=lacus&justo=at&maecenas=turpis&rhoncus=donec&aliquam=posuere&lacus=metus&morbi=vitae&quis=ipsum&tortor=aliquam&id=non&nulla=mauris&ultrices=morbi&aliquet=non&maecenas=lectus&leo=aliquam&odio=sit&condimentum=amet&id=diam&luctus=in&nec=magna&molestie=bibendum&sed=imperdiet&justo=nullam&pellentesque=orci&viverra=pede&pede=venenatis');
insert into Post_Link (id, url) values ('3f26711c-d430-4385-995e-91a5c4b9463a', 'https://so-net.ne.jp/morbi/vel/lectus/in/quam/fringilla.json?tortor=cubilia&risus=curae&dapibus=nulla&augue=dapibus&vel=dolor&accumsan=vel&tellus=est&nisi=donec&eu=odio&orci=justo&mauris=sollicitudin&lacinia=ut&sapien=suscipit&quis=a&libero=feugiat&nullam=et&sit=eros&amet=vestibulum&turpis=ac&elementum=est&ligula=lacinia&vehicula=nisi&consequat=venenatis&morbi=tristique&a=fusce&ipsum=congue&integer=diam&a=id&nibh=ornare&in=imperdiet&quis=sapien&justo=urna&maecenas=pretium&rhoncus=nisl&aliquam=ut&lacus=volutpat&morbi=sapien&quis=arcu&tortor=sed&id=augue&nulla=aliquam&ultrices=erat&aliquet=volutpat&maecenas=in&leo=congue&odio=etiam&condimentum=justo&id=etiam&luctus=pretium&nec=iaculis&molestie=justo&sed=in&justo=hac&pellentesque=habitasse&viverra=platea&pede=dictumst&ac=etiam&diam=faucibus&cras=cursus&pellentesque=urna&volutpat=ut&dui=tellus&maecenas=nulla&tristique=ut&est=erat&et=id');
insert into Post_Link (id, url) values ('52dd47b8-19ec-488b-9f1c-fa4889b7a7c1', 'http://nhs.uk/nam.jsp?lectus=gravida&pellentesque=nisi&eget=at&nunc=nibh&donec=in&quis=hac&orci=habitasse&eget=platea&orci=dictumst&vehicula=aliquam&condimentum=augue&curabitur=quam&in=sollicitudin&libero=vitae&ut=consectetuer&massa=eget&volutpat=rutrum&convallis=at&morbi=lorem&odio=integer&odio=tincidunt&elementum=ante&eu=vel&interdum=ipsum&eu=praesent&tincidunt=blandit&in=lacinia&leo=erat&maecenas=vestibulum&pulvinar=sed&lobortis=magna&est=at&phasellus=nunc&sit=commodo&amet=placerat&erat=praesent&nulla=blandit&tempus=nam&vivamus=nulla&in=integer&felis=pede&eu=justo&sapien=lacinia&cursus=eget&vestibulum=tincidunt&proin=eget&eu=tempus&mi=vel&nulla=pede');
insert into Post_Link (id, url) values ('0cc88497-f5a6-47be-8a71-cc8a03a2a8fe', 'https://baidu.com/sed/vel/enim.js?volutpat=aliquam&dui=augue&maecenas=quam&tristique=sollicitudin&est=vitae&et=consectetuer&tempus=eget&semper=rutrum&est=at&quam=lorem&pharetra=integer&magna=tincidunt&ac=ante&consequat=vel&metus=ipsum&sapien=praesent&ut=blandit&nunc=lacinia&vestibulum=erat&ante=vestibulum&ipsum=sed&primis=magna&in=at&faucibus=nunc&orci=commodo&luctus=placerat&et=praesent&ultrices=blandit&posuere=nam&cubilia=nulla&curae=integer&mauris=pede&viverra=justo&diam=lacinia&vitae=eget&quam=tincidunt&suspendisse=eget&potenti=tempus&nullam=vel&porttitor=pede&lacus=morbi&at=porttitor&turpis=lorem&donec=id&posuere=ligula&metus=suspendisse&vitae=ornare&ipsum=consequat&aliquam=lectus&non=in&mauris=est&morbi=risus&non=auctor&lectus=sed&aliquam=tristique&sit=in&amet=tempus&diam=sit&in=amet&magna=sem&bibendum=fusce&imperdiet=consequat&nullam=nulla&orci=nisl&pede=nunc&venenatis=nisl&non=duis&sodales=bibendum&sed=felis&tincidunt=sed&eu=interdum&felis=venenatis&fusce=turpis&posuere=enim&felis=blandit&sed=mi&lacus=in&morbi=porttitor&sem=pede&mauris=justo&laoreet=eu&ut=massa&rhoncus=donec&aliquet=dapibus&pulvinar=duis&sed=at&nisl=velit&nunc=eu&rhoncus=est&dui=congue&vel=elementum&sem=in&sed=hac&sagittis=habitasse&nam=platea&congue=dictumst&risus=morbi&semper=vestibulum');
insert into Post_Link (id, url) values ('8cc23ca1-e4cd-4624-97de-b17d70175be9', 'http://quantcast.com/nullam/sit.png?odio=convallis&odio=eget&elementum=eleifend&eu=luctus&interdum=ultricies&eu=eu&tincidunt=nibh&in=quisque&leo=id&maecenas=justo&pulvinar=sit&lobortis=amet&est=sapien&phasellus=dignissim&sit=vestibulum&amet=vestibulum&erat=ante&nulla=ipsum&tempus=primis&vivamus=in&in=faucibus&felis=orci&eu=luctus&sapien=et&cursus=ultrices&vestibulum=posuere&proin=cubilia&eu=curae&mi=nulla&nulla=dapibus&ac=dolor&enim=vel');
insert into Post_Link (id, url) values ('517a5b9c-1769-42a0-b7e2-59f32872fc1d', 'http://networksolutions.com/volutpat/sapien/arcu/sed/augue/aliquam/erat.jpg?mi=eget&pede=nunc&malesuada=donec&in=quis&imperdiet=orci&et=eget&commodo=orci&vulputate=vehicula&justo=condimentum&in=curabitur&blandit=in&ultrices=libero&enim=ut&lorem=massa&ipsum=volutpat&dolor=convallis&sit=morbi&amet=odio&consectetuer=odio&adipiscing=elementum&elit=eu&proin=interdum&interdum=eu&mauris=tincidunt&non=in&ligula=leo&pellentesque=maecenas&ultrices=pulvinar&phasellus=lobortis&id=est&sapien=phasellus&in=sit&sapien=amet');
insert into Post_Link (id, url) values ('b34a19e2-eec7-4a50-801e-4add06d5e770', 'https://archive.org/velit/eu.aspx?nam=sollicitudin&dui=mi&proin=sit&leo=amet&odio=lobortis&porttitor=sapien&id=sapien&consequat=non&in=mi&consequat=integer&ut=ac&nulla=neque');
insert into Post_Link (id, url) values ('466a6372-80ed-46c7-8ddc-915d0e2a87d9', 'http://facebook.com/eu/massa/donec/dapibus/duis/at.js?erat=metus&curabitur=arcu&gravida=adipiscing&nisi=molestie&at=hendrerit&nibh=at&in=vulputate&hac=vitae&habitasse=nisl&platea=aenean&dictumst=lectus&aliquam=pellentesque');
insert into Post_Link (id, url) values ('a946d787-0893-404b-b7c5-af086bfa868f', 'http://opensource.org/nulla.js?proin=vestibulum&interdum=velit&mauris=id&non=pretium&ligula=iaculis&pellentesque=diam&ultrices=erat&phasellus=fermentum&id=justo&sapien=nec&in=condimentum&sapien=neque&iaculis=sapien&congue=placerat&vivamus=ante&metus=nulla&arcu=justo&adipiscing=aliquam&molestie=quis&hendrerit=turpis&at=eget&vulputate=elit&vitae=sodales&nisl=scelerisque&aenean=mauris&lectus=sit&pellentesque=amet&eget=eros&nunc=suspendisse&donec=accumsan&quis=tortor&orci=quis&eget=turpis&orci=sed&vehicula=ante&condimentum=vivamus&curabitur=tortor&in=duis&libero=mattis&ut=egestas&massa=metus&volutpat=aenean&convallis=fermentum&morbi=donec&odio=ut&odio=mauris&elementum=eget&eu=massa&interdum=tempor&eu=convallis&tincidunt=nulla&in=neque&leo=libero&maecenas=convallis&pulvinar=eget&lobortis=eleifend&est=luctus&phasellus=ultricies&sit=eu&amet=nibh&erat=quisque&nulla=id&tempus=justo&vivamus=sit&in=amet&felis=sapien&eu=dignissim&sapien=vestibulum&cursus=vestibulum&vestibulum=ante&proin=ipsum&eu=primis&mi=in&nulla=faucibus&ac=orci&enim=luctus&in=et&tempor=ultrices&turpis=posuere&nec=cubilia&euismod=curae&scelerisque=nulla&quam=dapibus&turpis=dolor&adipiscing=vel&lorem=est&vitae=donec&mattis=odio&nibh=justo&ligula=sollicitudin&nec=ut&sem=suscipit');
insert into Post_Link (id, url) values ('dbf564cb-99f1-4d6c-98a2-9ee25e466cff', 'http://sbwire.com/ut/tellus/nulla/ut/erat.xml?vestibulum=et&ante=ultrices&ipsum=posuere&primis=cubilia&in=curae&faucibus=donec&orci=pharetra&luctus=magna&et=vestibulum&ultrices=aliquet&posuere=ultrices&cubilia=erat&curae=tortor&donec=sollicitudin&pharetra=mi&magna=sit&vestibulum=amet&aliquet=lobortis&ultrices=sapien&erat=sapien&tortor=non&sollicitudin=mi&mi=integer&sit=ac&amet=neque&lobortis=duis&sapien=bibendum&sapien=morbi&non=non&mi=quam&integer=nec&ac=dui&neque=luctus&duis=rutrum&bibendum=nulla&morbi=tellus&non=in&quam=sagittis&nec=dui&dui=vel&luctus=nisl&rutrum=duis&nulla=ac&tellus=nibh&in=fusce&sagittis=lacus&dui=purus&vel=aliquet&nisl=at&duis=feugiat&ac=non&nibh=pretium&fusce=quis&lacus=lectus&purus=suspendisse&aliquet=potenti&at=in&feugiat=eleifend&non=quam&pretium=a&quis=odio&lectus=in&suspendisse=hac&potenti=habitasse&in=platea&eleifend=dictumst&quam=maecenas&a=ut&odio=massa&in=quis&hac=augue&habitasse=luctus&platea=tincidunt&dictumst=nulla&maecenas=mollis&ut=molestie&massa=lorem&quis=quisque&augue=ut&luctus=erat&tincidunt=curabitur&nulla=gravida&mollis=nisi&molestie=at&lorem=nibh&quisque=in&ut=hac&erat=habitasse&curabitur=platea&gravida=dictumst&nisi=aliquam&at=augue&nibh=quam&in=sollicitudin&hac=vitae&habitasse=consectetuer');
insert into Post_Link (id, url) values ('dd1fc3ad-201f-4e58-9046-11fdfa34666c', 'https://wikipedia.org/ridiculus.js?ante=augue&ipsum=a&primis=suscipit&in=nulla&faucibus=elit&orci=ac&luctus=nulla&et=sed');
insert into Post_Link (id, url) values ('2cf664bd-9bf8-479b-8a00-b5aee2d17ea6', 'http://blogs.com/amet/sem/fusce/consequat/nulla/nisl/nunc.js?lacus=malesuada&at=in&turpis=imperdiet&donec=et&posuere=commodo&metus=vulputate&vitae=justo&ipsum=in&aliquam=blandit&non=ultrices&mauris=enim&morbi=lorem&non=ipsum&lectus=dolor&aliquam=sit&sit=amet&amet=consectetuer&diam=adipiscing&in=elit&magna=proin');












